,è·å‹™åç¨±:,å…¬å¸åç¨±:,æ‹›å‹Ÿäººæ•¸:,è·å‹™é¡åˆ¥:,è·å‹™ç­‰ç´š:,å·¥ä½œåœ°é»:,è–ªè³‡ç¯„åœ:,å·¥ä½œå¹´è³‡:,ç®¡ç†è²¬ä»»:,å·¥ä½œèªªæ˜:,ç¶²ç«™é€£çµ:
0,IT Data Engineer,TSMC å°ç©é›»,1,Full-time,Entry level,"Hsinchu, North District, Hsinchu City, Taiwanãƒ»Taiwan",40K+ TWD / month,No requirement for relevant working experience,No management responsibility,"Established in 1987 and headquartered in Taiwan, TSMC pioneered the pure-play foundry business model with an exclusive focus on manufacturing its customersâ€™ products. As of 2024, TSMC serves more than 500 customers and manufactures over 11,000 products for high-performance computing, smartphones, the Internet of Things (IoT), automotive, and digital consumer electronics. It is the worldâ€™s largest provider of logic ICs, with an annual capacity of 16 million 12-inch equivalent wafers. TSMC operates fabs in Taiwan as well as manufacturing subsidiaries in Washington State, Japan and China, and the Company began construction on a specialty technology fab in Dresden, Germany, in 2024. In Arizona, TSMC is building three fabs, with the first starting 4nm production in 2025, the second by 2028, and the third by the end of the decade.
Are you a creative IT professional with strong technical aptitude who embraces changes and is passionate about data and information? We invite you to join our highly innovative data engineering team which is constantly designing, developing, and delivering high quality solutions for our customers. As a data engineer, you will have opportunities to work in a dynamic and fast-paced environment to collaborate with business functions to design solutions. You will translate business requirements into technical needs, connect and automate data pipelines, and deliver data architecture and data governance solutions.
  Responsibility:
Perform IT system architecture design, new technology research, and provide recommendation.Design and implement optimal data pipeline architecture (considered high data volume, data governance, etc.).Work with PRODUCT/BIZ teams to assist with new data platform re-engineering or data-related technical issues.DataOps high availability NoSQL DB (e.g.: Cassandra, S3/MinIO, MariaDB, etc.) on K8s environment.",www.cake.me//companies/tsmc/jobs/data-engineer-02c7e9
1,æ•¸æ“šå·¥ç¨‹å¸«å¯¦ç¿’ç”Ÿ Data Engineer Intern,COMMEETï¼¿æ“æ¨‚æ•¸æ“šæœå‹™è‚¡ä»½æœ‰é™å…¬å¸,1,Internship,Entry level,"Songshan District, Taipei City, Taiwan 105ãƒ»Taipei City, Taiwan",200 ~ 250 TWD / hour,No requirement for relevant working experience,No management responsibility,COMMEET (https://commeet.co) æ“´å¤§å¾µæ‰ï¼Œæ­¡è¿æœ‰ç†±æƒ…ä¹‹æ–°å¤¥ä¼´åŠ å…¥æˆ‘å€‘çš„è¡Œåˆ—[å·¥ä½œå…§å®¹]1 æ•´ç†ã€æ¨™è¨˜æ•¸æ“šï¼Œä»¥ç¢ºä¿æ•¸æ“šçš„æº–ç¢ºæ€§èˆ‡å¯é æ€§ã€‚ 2 è¨“ç·´OCRæ¨¡å‹ï¼Œä¸¦é€²è¡Œæ¨¡å‹æ•ˆèƒ½è©•ä¼°ã€‚3 å»ºç«‹/ç¶­è­·/å„ªåŒ–è³‡æ–™è™•ç†æµç¨‹èˆ‡æ¶æ§‹(data pipeline)ã€‚4 å¾æ¥­äººå“¡æªå®ˆå®¢æˆ¶å€‹è³‡ä¿è­·æ•æ„Ÿåº¦åŠå°Šé‡å®¢æˆ¶è³‡æ–™éš±å¯†æ€§ã€‚5 å…¶å®ƒä¸»ç®¡äº¤è¾¦äº‹é …ã€‚,www.cake.me//companies/commeet/jobs/data-assistant-engineerdata-science-intern
2,è³‡æ–™å·¥ç¨‹å¸«,ä¸Šæ´‹è‚¡ä»½æœ‰é™å…¬å¸,1,Full-time,Assistant,"Wugu District, New Taipei, Taiwan",50K+ TWD / month,2 years of experience required,No management responsibility,"æ•¸æ“šé©…å‹•æ±ºç­–èˆ‡ç‡Ÿé‹æœ€ä½³åŒ–æ˜¯ä¸Šæ´‹é‚å‘æ™ºæ…§ç‡Ÿé‹çš„é‡è¦ä¸€æ­¥ã€‚æˆ‘å€‘æ­£åœ¨å°‹æ‰¾ä¸€ä½å°è³‡æ–™å·¥ç¨‹å…·å‚™ç†±æƒ…èˆ‡å°ˆæ¥­çš„è³‡æ–™å·¥ç¨‹å¸«ï¼ˆData Engineerï¼‰ã€‚ æ­¤è§’è‰²éœ€ä¸»å‹•èˆ‡è³‡æ–™åˆ†æã€è»Ÿé«”é–‹ç™¼ã€ç”¢å“èˆ‡ç‡Ÿé‹ç­‰éƒ¨é–€åˆä½œï¼Œè¨­è¨ˆèˆ‡ç¶­é‹å¯é çš„è³‡æ–™æµç¨‹èˆ‡å¹³å°ï¼Œç¢ºä¿è³‡æ–™æ­£ç¢ºã€å®‰å…¨ã€å³æ™‚ï¼Œå”åŠ©å…¬å¸å¾è³‡æ–™ä¸­å‰µé€ åƒ¹å€¼ï¼Œæ¨å‹•æ•¸ä½è½‰å‹èˆ‡æ¥­å‹™æ´å¯Ÿã€‚ èº«ç‚ºè³‡æ–™å·¥ç¨‹å¸«ï¼Œä½ /å¦³å°‡æœƒåŸ·è¡Œä»¥ä¸‹å…§å®¹ï¼š 







è¨­è¨ˆã€å»ºç½®èˆ‡ç¶­è­·è³‡æ–™è™•ç†æµç¨‹ï¼ˆETL/ELTï¼‰ï¼Œæ•´åˆå…§å¤–éƒ¨èˆ‡ç•°è³ªã€çµæ§‹åŒ–ã€éçµæ§‹åŒ–è³‡æ–™ä¾†æºï¼ˆå¦‚ RDBã€logsã€API å›å‚³ã€ç¬¬ä¸‰æ–¹æ•¸æ“šï¼‰ã€‚æ¶æ§‹èˆ‡ç®¡ç†è³‡æ–™å€‰å„²èˆ‡è³‡æ–™æ¹–ï¼Œç¢ºä¿è³‡æ–™å¯è¿½è¹¤ã€å¯æ“´å±•èˆ‡é«˜æ•ˆèƒ½ã€‚å”åŠ©è³‡æ–™åˆ†æåœ˜éšŠå–å¾—æ‰€éœ€è³‡æ–™ï¼Œå»ºç«‹ä¸¦ç¶­è­·æ¨™æº–åŒ–è³‡æ–™æ¨¡å‹èˆ‡è³‡æ–™ç›®éŒ„ã€‚å¯¦ä½œè³‡æ–™æ¸…ç†èˆ‡é©—è­‰æ©Ÿåˆ¶ï¼Œç›£æ§è³‡æ–™ç•°å¸¸ã€å»¶é²èˆ‡å“è³ªåå·®ã€‚æŒçºŒè©•ä¼°ä¸¦å°å…¥æ–°å·¥å…·ã€æ–°æŠ€è¡“ï¼ˆå¦‚è‡ªå‹•åŒ–è³‡æ–™ç®¡é“ã€å®¹å™¨åŒ–éƒ¨ç½²ï¼‰ï¼Œæå‡è³‡æ–™è™•ç†æµç¨‹çš„è‡ªå‹•åŒ–èˆ‡ç©©å®šæ€§ã€‚ æ’°å¯«èˆ‡ç¶­è­·è³‡æ–™è™•ç†ç¨‹å¼ï¼ˆä»¥ Python ç‚ºä¸»ï¼‰åˆ©ç”¨è¦–è¦ºåŒ–å·¥å…·ï¼ˆå¦‚ Supersetã€Metabaseï¼‰æ‰“é€ å³æ™‚å„€è¡¨æ¿ï¼Œå”åŠ©åœ˜éšŠå¿«é€Ÿæ´å¯Ÿé—œéµæŒ‡æ¨™ã€‚ å¿«é€Ÿç†è§£ä¸¦åˆ†é¡å•†ç”¨éœ€æ±‚ï¼Œå°‡æ¥­å‹™éœ€æ±‚è½‰åŒ–ç‚ºå…·é«”çš„è³‡æ–™è§£æ±ºæ–¹æ¡ˆã€‚ èˆ‡è³‡æ–™ç§‘å­¸å®¶ã€åˆ†æå¸«å¯†åˆ‡å”ä½œï¼Œè‹¥å…·å‚™æ©Ÿå™¨å­¸ç¿’ Pipeline æˆ–æ¨¡å‹éƒ¨ç½²ç¶“é©—æ›´ä½³ã€‚",www.cake.me//companies/upyoung/jobs/data-engineer-95e
3,[Bosch R&D - Internship] Data Engineer Intern,Bosch Vietnam,5,Full-time,Internship,"Ho Chi Minh City, Vietnam",No requirement for relevant working experience,No management responsibility,,"Company Description
Bosch first started in Vietnam with a representative office in 1994. Bosch has its main office in Ho Chi Minh City, with branch offices in Hanoi and Da Nang, and a Powertrain Solutions plant in the Dong Nai province to manufacture pushbelt for continuously variable transmissions (CVT) in automobiles. In addition, Bosch operates a software and engineering RD center (Robert Bosch Engineering and Business Solutions Vietnam Co., Ltd).
In July 2014, Bosch set up a new Automotive RD Center, located in Ho Chi Minh City. The continuous growth of this Centre is in line with Boschâ€™s strategy in Vietnam, which aims at becoming a manufacturing and RD hub in the Southeast Asian region. Currently four products are available: connectors, pushbelt, fuel supply, and diagnosis module (tank leakage).
For further information, please visit our website: www.bosch.com.vn
Job Description








Designing and implementing data pipelines from multiple sources using Azure Databricks or Hadoop ecosystemDeveloping scalable and re-usable frameworks for ingesting of data setsIntegrating end to end data pipeline - to take data from source systems to target data repositories ensuring quality and consistency of data is maintained at all timesWorking with event based / streaming / scheduling technologies to ingest and process dataWrite python script to process data according to the needs from other engineersBuild dashboard using PowerBI or Tableau to fulfill the need from end usersEvaluating the performance and applicability of multiple tools for the automated data pipelineInvolve in application development using low-code platforms such as PowerApps and Outsystems.Involve in AI solution development in the organization focus on building python script for data processing",www.cake.me//companies/bosch-vietnam-bd2881/jobs/bosch-r-d-internship-data-engineer-intern-b9e
4,ã€åœ‹æ³°é›†åœ˜ã€‘æ•¸æ“šå·¥ç¨‹å¸« Data Engineer,åœ‹æ³°å¥åº·ç®¡ç†é¡§å•è‚¡ä»½æœ‰é™å…¬å¸,1,Full-time,Entry level,"Daan District, Taipei City, Taiwan",800K ~ 1M TWD / year,3 years of experience required,No management responsibility,"ã€About Usã€‘
æ­¡è¿åŠ å…¥ã€Œåœ‹æ³°å¥åº·ç®¡ç†ã€ï¼æˆ‘å€‘æ˜¯ä¸€å€‹å……æ»¿æ´»åŠ›ã€è¿½æ±‚å‰µæ–°ã€ä»¥æ•¸æ“šå’Œç§‘æŠ€é©…å‹•å¥åº·ç®¡ç†è®Šé©çš„åœ˜éšŠï¼åœ¨é€™è£¡ï¼Œä½ å°‡èˆ‡ä¸€ç¾¤ç†±æ„›ç§‘æŠ€ã€é—œå¿ƒå¥åº·ã€å……æ»¿å‰µé€ åŠ›çš„å¤¥ä¼´ä¸¦è‚©ä½œæˆ°ï¼Œå…±åŒæ¢ç´¢æ™ºèƒ½å¥åº·çš„ç„¡é™å¯èƒ½ã€‚
æˆ‘å€‘ç›¸ä¿¡ã€Œæƒ³è¦å¥åº·ä¸èƒ½é æ„Ÿè¦ºã€ï¼Œè€Œæ˜¯åŸºæ–¼ç²¾æº–æ•¸æ“šçš„ç§‘å­¸ç®¡ç†ã€‚
æˆ‘å€‘çš„ä½¿å‘½æ˜¯ï¼šæ•´åˆæ•¸ä½ã€æ•¸æ“šå’Œ IT æŠ€è¡“ï¼Œæ‰“é€ å€‹äººåŒ–çš„å¥åº·ç®¡ç†è§£æ±ºæ–¹æ¡ˆï¼Œè®“äººäººéƒ½èƒ½æ“æœ‰å¥åº·è‡ªä¿¡çš„äººç”Ÿï¼Œå¯¦è¸ã€å¥åº·å°±åœ¨ç”Ÿæ´»è£¡ï¼Œè§£æ–¹å°±åœ¨æ•¸æ“šè£¡ã€
ã€We Need You to â€¦ã€‘
1.æ‡‰ç”¨æœå‹™é–‹ç™¼èˆ‡ç¶­è­·
â€¢ é–‹ç™¼èˆ‡ç¶­è­·æ•¸æ“šæ‡‰ç”¨æœå‹™ï¼ˆAPIï¼‰ï¼Œç¢ºä¿æ¥­å‹™æœå‹™ç©©å®šé‹è¡Œã€‚
â€¢ é–‹ç™¼èˆ‡ç¶­è­· ETL Pipelineï¼Œä»¥æ”¯æ´æ•¸æ“šè½‰æ›èˆ‡æ‡‰ç”¨ã€‚
2.è‡ªå‹•åŒ–èˆ‡é‹ç¶­
â€¢ å»ºç«‹èˆ‡ç®¡ç† CI/CD Pipelineï¼Œæå‡é–‹ç™¼èˆ‡éƒ¨ç½²æ•ˆç‡ã€‚
â€¢ æŒçºŒç›£æ§æœå‹™æ•ˆèƒ½ï¼Œé€²è¡Œå•é¡Œæ’æŸ¥ã€å‡ç´šèˆ‡æœ€ä½³åŒ–ã€‚
ã€About Youã€‘
â€¢ ç†Ÿæ‚‰åŸºç¤ Python ç¨‹å¼èªè¨€ï¼Œèƒ½é–‹ç™¼æ‡‰ç”¨æœå‹™æˆ–æ•¸æ“šæµç¨‹ã€‚
â€¢ ç†Ÿæ‚‰è³‡æ–™è™•ç†æµç¨‹ï¼Œèƒ½è¨­è¨ˆä¸¦ç¶­è­· ETL Pipelineï¼ˆAirflowï¼‰ã€‚
â€¢ äº†è§£å®¹å™¨åŒ–æŠ€è¡“ï¼ˆDockerã€Kubernetesï¼‰ã€‚
â€¢ äº†è§£ CI/CD èˆ‡è‡ªå‹•åŒ–é‹ç¶­ç¶“é©—ï¼ˆAzure DevOps æˆ– GitLabï¼‰ã€‚
ã€Plusã€‘
â€¢ å…·å‚™ AWS æœå‹™ï¼ˆEC2ã€S3ã€RDSã€Lambdaã€IAM ç­‰ï¼‰å»ºç½®èˆ‡ç¶­é‹ç¶“é©—ã€‚
â€¢ å…·å‚™ Terraform æˆ–å…¶ä»– IaC å·¥å…·ç¶“é©—ã€‚
â€¢ å…·å‚™ DevOps / Cloud Engineer ç›¸é—œå·¥ä½œç¶“é©—ã€‚
â€¢ å…·å‚™ç¶²è·¯/è³‡è¨Šå®‰å…¨ç®¡ç†ç¶“é©—ã€‚
â€¢ å…·å‚™è§£æ±ºå•é¡Œã€é™¤éŒ¯åŠæ•…éšœæ’é™¤èƒ½åŠ›ï¼Œèƒ½æå‡ºè§£æ±ºæ–¹æ¡ˆã€‚",www.cake.me//companies/cathay-hcm/jobs/cathay-pacific-groupdata-engineer
5,Python å·¥ç¨‹å¸«  â€“ è³‡æ–™ç§‘å­¸/AI æ‡‰ç”¨æ–¹å‘ ã€Munger AI Teamã€‘,Stark Tech é·¹ç¿”æœ‰é™å…¬å¸,3,Full-time,Mid-Senior level,"Songshan District, Taipei City, Taiwan",850K ~ 1.2M TWD / year,3 years of experience required,No management responsibility,"ã€é—œæ–¼æˆ‘å€‘ - Data Munger AIã€‘
Data Munger è‡´åŠ›æˆç‚ºä¼æ¥­èˆ‡å¯¦ç”¨ AI è§£æ±ºæ–¹æ¡ˆé–“çš„æœ€ä½³å¤¥ä¼´ï¼Œå¾å°å…¥ä¸€è·¯é™ªä¼´åˆ°è½åœ°ã€‚ åœ¨äººäººå–ŠAIçš„æ™‚ä»£ä¸‹ï¼ŒçœŸæ­£ç‚ºä¼æ¥­æ‰“é€ ä¸€å€‹æœƒæŒçºŒé€²åŒ–çš„ã€ŒAI å¤§è…¦ã€è®“æ±ºç­–æ›´å¿«ã€æµç¨‹æ›´ç°¡ï¼Œè®“äººåŠ›åƒ¹å€¼æœ€å¤§åŒ–ã€‚
å®˜ç¶²ï¼š https://datamunger.io/

ğŸ’¼ å·¥ä½œè·è²¬
è³‡æ–™è™•ç†ç®¡é“è¨­è¨ˆèˆ‡é–‹ç™¼
 ä½¿ç”¨ Python èˆ‡ BigQuery SQL ç‚º AI æ‡‰ç”¨è¨­è¨ˆã€é–‹ç™¼åŠç¶­è­·è³‡æ–™è™•ç†æµç¨‹ï¼Œç¢ºä¿æ©Ÿå™¨å­¸ç¿’æ¨¡å‹å¯ç²å–é«˜å“è³ªè³‡æ–™ã€‚ETL/ELT å·¥ä½œæµç¨‹æ§‹å»º
 å»ºç«‹ä¸¦å„ªåŒ– ETL/ELT æµç¨‹ï¼Œç¢ºä¿è³‡æ–™è‡ªå‹•åŒ–è™•ç†èˆ‡æ•¸æ“šä¸€è‡´æ€§ã€‚RAG ç³»çµ±å¯¦ä½œ
 æ‡‰ç”¨ RAGï¼ˆæª¢ç´¢å¢å¼·ç”Ÿæˆï¼‰æŠ€è¡“ï¼Œæå‡ AI äº’å‹•çš„æº–ç¢ºæ€§èˆ‡ä¸Šä¸‹æ–‡ç›¸é—œæ€§ã€‚å‘é‡è³‡æ–™åº«èˆ‡æŸ¥è©¢å„ªåŒ–
 å„ªåŒ–å‘é‡è³‡æ–™åº«ï¼ˆå¦‚ Pineconeã€Qdrantï¼‰åŠ SQL/BigQuery æŸ¥è©¢æ•ˆèƒ½ï¼Œæå‡ AI æœå°‹èˆ‡å›æ‡‰é€Ÿåº¦ã€‚API å»ºæ§‹èˆ‡ç¶­è­·
 ä½¿ç”¨ Python æ¡†æ¶ï¼ˆFastAPIã€Flaskï¼‰å»ºç«‹ä¸¦ç¶­è­·è³‡æ–™è™•ç†èˆ‡ AI æœå‹™ APIã€‚æ©Ÿå™¨å­¸ç¿’æ¨¡å‹èˆ‡è³‡æ–™ç®¡é“éƒ¨ç½²
 åœ¨é›²ç«¯åŸºç¤æ¶æ§‹ï¼ˆä¸»è¦ä»¥ GCP ç‚ºä¸»ï¼Œä¸¦æ•´åˆéƒ¨åˆ† AWSï¼‰ä¸Šéƒ¨ç½² ML æ¨¡å‹èˆ‡è³‡æ–™ç®¡é“ï¼Œå¯¦è¸ MLOps åŸå‰‡ä»¥ç¢ºä¿éƒ¨ç½²å…·å‚™å¯é‡ç¾æ€§ã€æ“´å±•æ€§åŠç›£æ§èƒ½åŠ›ã€‚è·¨éƒ¨é–€å”ä½œèˆ‡æŠ€è¡“å‰µæ–°
 èˆ‡è³‡æ–™ç§‘å­¸å®¶ã€AI ç ”ç©¶äººå“¡åŠå‰ç«¯åœ˜éšŠå”ä½œï¼Œå…±åŒæ‰“é€ ç«¯å°ç«¯ AI ç”¢å“ï¼Œä¸¦æŒçºŒå°å…¥æœ€æ–°æŠ€è¡“ä»¥å„ªåŒ–è§£æ±ºæ–¹æ¡ˆã€‚",www.cake.me//companies/StarkTech/jobs/python-engineer-data-science-ai-applications
6,æ•¸æ“šå·¥ç¨‹å¸« Data Science Engineer,COMMEETï¼¿æ“æ¨‚æ•¸æ“šæœå‹™è‚¡ä»½æœ‰é™å…¬å¸,1,Full-time,Assistant,"Songshan District, Taipei City, Taiwan",Negotiable,No requirement for relevant working experience,No management responsibility,COMMEET (https://commeet.co) æ“´å¤§å¾µæ‰ï¼Œæ­¡è¿æœ‰ç†±æƒ…ä¹‹æ–°å¤¥ä¼´åŠ å…¥æˆ‘å€‘çš„è¡Œåˆ—[å·¥ä½œå…§å®¹]1 æ•´ç†ã€æ¨™è¨˜æ•¸æ“šï¼Œä»¥ç¢ºä¿æ•¸æ“šçš„æº–ç¢ºæ€§èˆ‡å¯é æ€§2 å»ºç«‹/ç¶­è­·/å„ªåŒ–è³‡æ–™è™•ç†æµç¨‹èˆ‡æ¶æ§‹(data pipeline)3 è·Ÿç›¸é—œçš„stakeholderåˆä½œï¼Œè§£æ±ºä¸¦å„ªåŒ–ä»–å€‘çš„æ•¸æ“šéœ€æ±‚4 å…¶å®ƒä¸»ç®¡äº¤è¾¦äº‹é …ã€‚,www.cake.me//companies/commeet/jobs/data-science-engineer-e05
7,è³‡æ–™å·¥ç¨‹å¸«,ç¾¤å¥ç§‘æŠ€è‚¡ä»½æœ‰é™å…¬å¸Cofit Healthcare Inc.,2,Full-time,Mid-Senior level,"Taipei City, Taiwan",70K ~ 100K TWD / month,4 years of experience required,No management responsibility,"â˜… é—œæ–¼ Cofit
Hiï¼Œæˆ‘å€‘æ˜¯ Cofitï¼Œæ­£åœ¨æ‰“é€ ä¸€å€‹æ©«è·¨å°ç£ã€ç¾åŠ ã€æ–°åŠ å¡ã€é¦™æ¸¯ã€å¤§é™¸å’Œæ±å—äºçš„è·¨å¢ƒå¥åº·å¹³å°ï¼ŒæŠŠå°ç£å„ªç§€çš„é†«ç™‚å’Œæœå‹™è¼¸å‡ºï¼Œå¹«åŠ©ä¸–ç•Œå„åœ°è¯äººè¼•é¬†æ¸›è‚¥ã€å¥èº«ã€é é›¢ä¸‰é«˜ï¼ç†±æƒ…é‚€è«‹å°ç¶²è·¯ã€å¥åº·ç¾é£Ÿæœ‰èˆˆè¶£çš„å¤¥ä¼´åŠ å…¥æˆ‘å€‘ï¼Œä¸€èµ·åƒèˆ‡åœ˜éšŠçš„æˆé•·å’Œå£¯å¤§ï¼åœ¨é€™è£¡ä½ å°‡å¾—åˆ°æœ€å¤§çš„æˆæ¬Šã€ç›¡æƒ…ç™¼æ®ï¼çµ•å°è‡ªç”±çš„å·¥ä½œç’°å¢ƒã€å‰µæ¥­ç²¾ç¥çš„å¯¦è¸ã€é‚„èƒ½ç²å¾—çµ‚ç”Ÿå—ç”¨çš„å¥åº·çŸ¥è­˜ã€‚â˜… è·ä½èªªæ˜Mid-Level Data Engineerä¸»è¦è² è²¬å»ºç½®èˆ‡ç¶­è­·ç©©å®šçš„è³‡æ–™æµç¨‹èˆ‡æ¨¡å‹ï¼Œç¢ºä¿è³‡æ–™æ­£ç¢ºèˆ‡å³æ™‚ï¼Œä»¥æ”¯æ´åˆ†æéœ€æ±‚èˆ‡ç‡Ÿé‹æ±ºç­–ã€‚Senior Data Engineerä¸»è¦è² è²¬è³‡æ–™æ¶æ§‹èˆ‡æµç¨‹çš„è¨­è¨ˆèˆ‡å„ªåŒ–ï¼Œç¢ºä¿ç³»çµ±å¯æ“´å……æ€§èˆ‡è³‡æ–™å“è³ªçš„ç©©å®šï¼Œä¸¦æ¨å‹•è·¨éƒ¨é–€çš„è³‡æ–™æ•´åˆèˆ‡å”ä½œã€‚â˜… å·¥ä½œå…§å®¹1. è³‡æ–™æ¶æ§‹è¦åŠƒ- è¨­è¨ˆè³‡æ–™å€‰å„²æ¶æ§‹ï¼Œè¦ç¯„å‘½åèˆ‡æ¬„ä½å®šç¾©ã€‚- å”åŠ©å»ºç«‹è·¨éƒ¨é–€å…±ç”¨çš„è³‡æ–™æ¨¡å‹èˆ‡æŒ‡æ¨™å±¤ï¼ˆsemantic layerï¼‰ã€‚- èˆ‡ DevOps å”ä½œè¦åŠƒéƒ¨ç½²ç’°å¢ƒã€æ¬Šé™èˆ‡è‡ªå‹•åŒ–æµç¨‹ï¼ˆCI/CDï¼‰ã€‚2. è³‡æ–™æµå»ºç½®èˆ‡ç¶­é‹- ä½¿ç”¨ Airflow / dbt / Python å»ºç«‹ã€ç›£æ§ ETL pipelineã€‚- æ•´åˆè‡¨åºŠã€ç‡Ÿé¤Šã€CRMã€GA4 ç­‰å¤šä¾†æºè³‡æ–™ï¼Œç¢ºä¿æ™‚æ•ˆèˆ‡æ­£ç¢ºæ€§ã€‚- å»ºç«‹ logging èˆ‡è‡ªå‹•éŒ¯èª¤é€šçŸ¥æ©Ÿåˆ¶ï¼Œæå‡è³‡æ–™æµå¯é åº¦ã€‚3. è³‡æ–™å“è³ªèˆ‡ç›£æ§- åˆ¶å®šè³‡æ–™é©—è­‰è¦å‰‡ã€å¯¦ä½œç•°å¸¸ç›£æ¸¬èˆ‡æ’éŒ¯æµç¨‹ã€‚- å®šæœŸæª¢æŸ¥ pipeline æ•ˆèƒ½èˆ‡è³‡æºä½¿ç”¨ï¼Œæå‡ºå„ªåŒ–å»ºè­°ã€‚4. åˆ†æå±¤æ”¯æ´èˆ‡è·¨éƒ¨é–€å”ä½œ- èˆ‡ Data Analyst å”ä½œï¼Œå°‡åˆ†æéœ€æ±‚è½‰åŒ–ç‚ºçµæ§‹åŒ–è³‡æ–™è¡¨èˆ‡ç¶­åº¦æ¨¡å‹ã€‚- ä¸»å‹•æå‡ºè³‡æ–™çµæ§‹æˆ–æµç¨‹å„ªåŒ–å»ºè­°ï¼Œæå‡æ•´é«”åˆ†ææ•ˆç‡ã€‚- ç¶­è­·å ±è¡¨å·¥å…·çš„è³‡æ–™ä¾†æºå±¤ï¼ˆdata mart / viewï¼‰ã€‚â˜… æ–‡åŒ–èˆ‡åƒ¹å€¼è§€- äº«å—æ–°å‰µåœ˜éšŠå……æ»¿æŒ‘æˆ°çš„ç”Ÿæ´»ã€‚- èƒ½æ¥å—æ–°é®®äº‹ç‰©ï¼Œèˆ‡å„é ˜åŸŸäººæ‰äº¤æµå­¸ç¿’ã€‚- é¢å°å•é¡Œèƒ½å¿«é€Ÿåˆ†æï¼Œæ‰¾å‡ºå•é¡Œé»èˆ‡è§£æ±ºæ–¹æ¡ˆã€‚- é‡è¦–ç´°ç¯€ï¼Œå°æ–¼è‡ªå·±äº¤ä»˜å‡ºçš„æˆæœè² è²¬ä¸”è‡ªè±ªã€‚- ä¸»å‹•æºé€šï¼Œå°±äº‹è«–äº‹ï¼Œæœ‰è‡ªå·±çš„æƒ³æ³•ä½†ä¸å›ºåŸ·ã€‚- é‡è¦–è‡ªæˆ‘èƒ½åŠ›ç²¾é€²ï¼Œç¶“å¸¸æ€è€ƒã€Œé‚„æœ‰æ›´å¥½çš„è§£æ±ºæ–¹å¼å—ï¼Ÿã€",www.cake.me//companies/cofit-healthcare-inc/jobs/data-engineer-a38a96
8,Data Engineer / è³‡æ–™å·¥ç¨‹å¸«,SWAG,1,Full-time,Mid-Senior level,"Taipei City, Taiwan",Negotiable,3 years of experience required,No management responsibility,"DescriptionAt SWAG Live, data is the backbone of how we innovate and grow. With our BI system established, the data team is now focused on building the next generation of platforms that power recommendation systems, AI agents, AI pipelines, and campaign-facing servicesâ€”as well as external-facing data services that enhance our products.
We are seeking a Data Engineer who will design and operate the infrastructure that makes these AI-driven initiatives possible. Your work will center on building cost-efficient, reliable, and maintainable systems that deliver measurable business value. Youâ€™ll collaborate closely with data scientists and product teams to turn models into production-ready services, enabling personalization, campaign optimization, and intelligent product features.
This is a role for engineers who want to shape the future of applied AI while keeping efficiency at the core.
Responsibilities
Build and maintain cost-efficient data pipelines and warehouses that power analytical tool, recommendation systems, AI agents, and campaign-facing services.Develop data services that integrate with external products, ensuring reliability, maintainability, and clear SLAs.Optimize queries, schemas, and storage to maximize performance and minimize cost across transactional and analytical workloads.Implement and operate event-driven streaming architectures for real-time personalization and campaign insights.Collaborate with data scientists and product teams to move AI models from experimentation to production.Create internal tools and frameworks that accelerate the productivity of analysts, scientists, and engineers.Ensure data quality, governance, and observability across pipelines and services.",www.cake.me//companies/swag/jobs/data-team-engineer
9,ã€é¢¨æ§è³‡æ–™å·¥ç¨‹å¸«ã€‘Data Engineer(Risk Analytics),æ™ºéˆ¦æ˜Ÿå¹³å°æœå‹™æœ‰é™å…¬å¸,1,Full-time,Entry level,"Taipei City, Taiwan",60K ~ 120K TWD / month,2 years of experience required,No management responsibility,"èº«ç‚ºé¢¨æ§æ•¸æ“šå·¥ç¨‹å¸«ï¼Œä½ å°‡è² è²¬è¨­è¨ˆã€å»ºç½®èˆ‡ç¶­é‹å…¬å¸çš„æ•¸æ“šåŸºç¤è¨­æ–½ï¼ˆData Platformï¼‰ï¼Œç¢ºä¿æ•¸æ“šåœ¨æ”¶é›†ã€è™•ç†èˆ‡å­˜å–éç¨‹ä¸­çš„ç©©å®šæ€§ã€æ­£ç¢ºæ€§èˆ‡é«˜æ•ˆæ€§ã€‚
ä½ å°‡èˆ‡é¢¨æ§åœ˜éšŠç·Šå¯†åˆä½œï¼Œé€éæ•¸æ“šå·¥ç¨‹èˆ‡è‡ªå‹•åŒ–æŠ€è¡“ï¼Œå°‡é¾é›œçš„æ•¸æ“šè½‰åŒ–ç‚ºå…·æ±ºç­–åƒ¹å€¼çš„æ´å¯Ÿï¼Œæ”¯æŒå…¬å¸åœ¨é¢¨éšªç®¡ç†èˆ‡ç­–ç•¥æ±ºç­–ä¸Šçš„æŒçºŒæˆé•·ã€‚
ã€ä¸»è¦è·è²¬ã€‘
1. æ•¸æ“šç®¡ç·šé–‹ç™¼èˆ‡ç¶­é‹
  - è¨­è¨ˆã€é–‹ç™¼ä¸¦ç¶­è­· ETL/ELT æµç¨‹ï¼Œæ•´åˆå…§å¤–éƒ¨ç•°è³ªæ•¸æ“šä¾†æºï¼Œç¢ºä¿æ•¸æ“šé«˜å“è³ªèˆ‡ç©©å®šæ€§
  - å»ºç«‹èˆ‡ç¶­è­·æ•¸æ“šæ¨¡å‹ï¼ˆData Modelingï¼‰ï¼Œç¢ºä¿æ¶æ§‹å…·å¯æ“´å±•æ€§ä¸¦ç¬¦åˆæ¥­å‹™éœ€æ±‚
  - å»ºç½®ç›£æ§èˆ‡å‘Šè­¦æ©Ÿåˆ¶ï¼ˆAlerting  Monitoringï¼‰ï¼Œå³æ™‚åµæ¸¬ç•°å¸¸ä¸¦å„ªåŒ–è³‡æ–™æµç¨‹
2. æ•¸æ“šç”¢å“èˆ‡åˆ†ææ”¯æ´
  - èˆ‡é¢¨æ§ã€æ¥­å‹™åŠæ•¸æ“šåˆ†æåœ˜éšŠåˆä½œï¼Œç†è§£éœ€æ±‚ä¸¦æä¾›é©ç”¨çš„æ•¸æ“šè§£æ±ºæ–¹æ¡ˆ
  - è¨­è¨ˆä¸¦é–‹ç™¼è‡ªå‹•åŒ–åˆ†æå ±è¡¨èˆ‡ Dashboardï¼Œæ”¯æ´é¢¨æ§ç›£æ¸¬ã€ç”¢å“åˆ†æåŠç­–ç•¥æ±ºç­–
3. æ•¸æ“šå¹³å°å»ºç½®èˆ‡ç®¡ç†
  - ç¶­é‹èˆ‡å„ªåŒ–æ•¸æ“šå¹³å°ï¼ˆData Platformï¼‰ï¼Œç¢ºä¿é«˜å¯ç”¨æ€§ã€å¯æ“´å±•æ€§èˆ‡å®‰å…¨æ€§
  - ç®¡ç†èˆ‡èª¿æ ¡æ•¸æ“šè¨ˆç®—è³‡æºï¼ˆå¦‚ Sparkã€Prestoï¼‰ï¼Œæå‡æ•ˆèƒ½èˆ‡è³‡æºä½¿ç”¨æ•ˆç‡
  - å»ºç«‹æ•¸æ“šæ²»ç†ï¼ˆData Governanceï¼‰æ©Ÿåˆ¶ï¼Œç¢ºä¿è³‡æ–™å“è³ªã€å®‰å…¨èˆ‡åˆè¦
4. ç³»çµ±ç›£æ§èˆ‡æ•ˆèƒ½å„ªåŒ–
  - ç›£æ§ä¸¦åˆ†ææ•¸æ“šç³»çµ±æ•ˆèƒ½ï¼ŒæŒçºŒé€²è¡Œæ¶æ§‹å„ªåŒ–èˆ‡è³‡æºé…ç½®èª¿æ•´
  - å„ªåŒ–æŸ¥è©¢èˆ‡è™•ç†æ•ˆç‡ï¼Œæå‡ç³»çµ±åæ‡‰é€Ÿåº¦èˆ‡å¯é æ€§
  - é‡å°ç•°å¸¸æ•¸æ“šæˆ–æµç¨‹å•é¡Œï¼Œæä¾›ä¿®å¾©èˆ‡é•·æœŸå„ªåŒ–æ–¹æ¡ˆ",www.cake.me//companies/gtstw/jobs/data-professional
10,ğŸš€ ç‰©è¯ç¶² AIoT è³‡æ–™å·¥ç¨‹å¸«Data Engineer - TL,Cake Recruitment Consulting,1,Full-time,Mid-Senior level,"Zhongzheng District, Taipei City, Taiwan",1.4M ~ 2M TWD / year,4 years of experience required,No management responsibility,"å…¬å¸ä»‹ç´¹
é€™æ˜¯ä¸€å®¶å°ˆæ³¨æ–¼ã€Œæ™ºæ…§èƒ½æºç§‘æŠ€ã€çš„ä¸­å¤§å‹è»Ÿé«”å…¬å¸ï¼Œè‡´åŠ›æ–¼ä»¥ AIoT å¹³å°æŠ€è¡“ é€£çµæ•¸ä»¥è¬è¨ˆçš„èƒ½æºè£ç½®ï¼Œå”åŠ©å®¢æˆ¶ç›£æ§ã€åˆ†æä¸¦å„ªåŒ–èƒ½æºä½¿ç”¨æ•ˆç‡ã€‚
å…¬å¸æ“æœ‰ç©©å®šçš„åœ‹éš›å®¢æˆ¶ç¾¤èˆ‡é«˜å¸‚ä½”ç‡ï¼Œç”¢å“è¢«å»£æ³›æ‡‰ç”¨æ–¼å†ç”Ÿèƒ½æºèˆ‡æ™ºæ…§å·¥å» é ˜åŸŸã€‚
ç ”ç™¼åœ˜éšŠä»¥é«˜æŠ€è¡“é–€æª»ç‚ºé©•å‚²ï¼Œé¢å°æ¯æ—¥ä¸Šå„„ç­†è³‡æ–™çš„æŒ‘æˆ°ï¼ŒæŒçºŒæ‰“é€ é«˜ä½µç™¼ã€é«˜å¯ç”¨çš„é›²ç«¯è³‡æ–™å¹³å°ã€‚
åœ¨é€™è£¡ï¼Œä½ å°‡èƒ½åƒèˆ‡çœŸæ­£å¤§è¦æ¨¡çš„è³‡æ–™æµæ¶æ§‹å„ªåŒ–ï¼Œèˆ‡ä¸€ç¾¤ç†±æ„›æŠ€è¡“ã€é¡˜æ„ç†æ€§è¨è«–çš„å¤¥ä¼´ä¸€èµ·æˆé•·ã€‚
å·¥ä½œå…§å®¹


å»ºæ§‹ä¸¦ç¶­é‹å–®æ—¥ä¸Šå„„ç­†é›»åŠ›æ™‚åºè³‡æ–™çš„ AIoT é›²ç«¯è³‡æ–™æµæ¶æ§‹ï¼ˆè³‡æ–™æµã€çµ±æ•´ã€å„²å­˜ã€åˆ†æèˆ‡äº‹ä»¶åµæ¸¬ï¼‰


èˆ‡ SRE åœ˜éšŠåˆä½œï¼Œé‡åŒ–ç³»çµ±æ•ˆèƒ½ã€æå‡ºå„ªåŒ–èˆ‡è½‰ç§»è¨ˆç•«ï¼Œç¢ºä¿ç³»çµ±èƒ½æ”¯æ´å€æ•¸æˆé•·çš„æ¥­å‹™é‡


é–‹ç™¼ä¸¦å„ªåŒ–é«˜å¯ç”¨æ€§ç³»çµ±ã€ç•°åœ°å‚™æ´åŠç½å¾Œæ¢å¾©æ©Ÿåˆ¶


èˆ‡ Fullstackã€SRE åœ˜éšŠå”ä½œï¼Œå°‡è³‡æ–™æµæ¶æ§‹å¹³å°åŒ–ï¼Œæ”¯æ´å¤šæ¨£èƒ½æº AIoT æ‡‰ç”¨ç”¢å“


æŒçºŒæ¨å‹•ç³»çµ±æ¶æ§‹å„ªåŒ–ï¼Œä»¥å¹³è¡¡æˆæœ¬èˆ‡æ•ˆèƒ½ï¼Œæ‰“é€ èƒ½æ‰¿è¼‰å…¨çƒè¦æ¨¡çš„è³‡æ–™å¹³å°


ä½¿ç”¨æŠ€è¡“
RabbitMQã€Fluentdã€Elasticsearchã€InfluxDBã€Redisã€MySQLã€Sparkã€Kafkaã€SFTP/FTPS
Pythonï¼ˆä¸»è¦ï¼‰ã€Golangã€Rust
Linuxã€Dockerã€Kubernetesï¼ˆK8sï¼‰ã€GCP/AWS/Azure",www.cake.me//companies/cake-recruitment-consulting/jobs/data-engineer-tl
11,[Bosch R&D - Internship] Data Engineer Intern,Bosch Vietnam,5,Full-time,Internship,"Ho Chi Minh City, Vietnam",No requirement for relevant working experience,No management responsibility,,"Company Description
Bosch first started in Vietnam with a representative office in 1994. Bosch has its main office in Ho Chi Minh City, with branch offices in Hanoi and Da Nang, and a Powertrain Solutions plant in the Dong Nai province to manufacture pushbelt for continuously variable transmissions (CVT) in automobiles. In addition, Bosch operates a software and engineering RD center (Robert Bosch Engineering and Business Solutions Vietnam Co., Ltd).
In July 2014, Bosch set up a new Automotive RD Center, located in Ho Chi Minh City. The continuous growth of this Centre is in line with Boschâ€™s strategy in Vietnam, which aims at becoming a manufacturing and RD hub in the Southeast Asian region. Currently four products are available: connectors, pushbelt, fuel supply, and diagnosis module (tank leakage).
For further information, please visit our website: www.bosch.com.vn
Job Description








Designing and implementing data pipelines from multiple sources using Azure Databricks or Hadoop ecosystemDeveloping scalable and re-usable frameworks for ingesting of data setsIntegrating end to end data pipeline - to take data from source systems to target data repositories ensuring quality and consistency of data is maintained at all timesWorking with event based / streaming / scheduling technologies to ingest and process dataWrite python script to process data according to the needs from other engineersBuild dashboard using PowerBI or Tableau to fulfill the need from end usersEvaluating the performance and applicability of multiple tools for the automated data pipelineInvolve in application development using low-code platforms such as PowerApps and Outsystems.Involve in AI solution development in the organization focus on building python script for data processing",www.cake.me//companies/bosch-vietnam-bd2881/jobs/bosch-r-d-internship-data-engineer-intern
12,Data Platform Engineer / Data Engineer è³‡æ–™è™•ç†å·¥ç¨‹å¸«,è«¾å…‹æ€è‚¡ä»½æœ‰é™å…¬å¸,1,Full-time,Mid-Senior level,"Neihu District, Taipei City, Taiwan",70K ~ 120K TWD / month,3 years of experience required,No management responsibility,"æˆ‘å€‘æ­£åœ¨å°‹æ‰¾ä¸€ä½èƒ½è¨­è¨ˆèˆ‡å»ºç½® å¯æ“´å±•çš„è³‡æ–™å¹³å°ï¼Œä¸¦æ¨å‹•è³‡æ–™åŸºç¤è¨­æ–½å‡ç´šçš„å·¥ç¨‹å¸«ã€‚æ­¤è·ä½å°‡èˆ‡åœ˜éšŠåˆä½œï¼Œå¾ è³‡æ–™æºé ­â†’ pipeline â†’ Lakehouse â†’ dashboard â†’ AI æ‡‰ç”¨ï¼Œå…¨é¢æ€§åœ°è¦åŠƒèˆ‡åŸ·è¡Œã€‚ã€å·¥ä½œå…§å®¹ã€‘è³‡æ–™å¹³å°èˆ‡åŸºç¤å»ºè¨­â€¢	è¨­è¨ˆèˆ‡ç¶­è­· è³‡æ–™ç®¡ç·š(CDC, Streaming, Batch)ï¼Œæ•´åˆDebezium + Kafka + Spark + Iceberg Catalogã€‚â€¢	å»ºç«‹ Lakehouse æ¶æ§‹ï¼Œæ”¯æŒ Bronze / Silver / Gold åˆ†å±¤æ•¸æ“šæ²»ç†ã€‚â€¢	ä½¿ç”¨Airflow + dbt é€²è¡Œworkflow èˆ‡transformation orchestrationã€‚â€¢	å”åŠ©è³‡æ–™æ²»ç† (lineage, catalog, metadata)ï¼Œç¢ºä¿æ•¸æ“šæº–ç¢ºæ€§èˆ‡å¯è¿½æº¯æ€§ã€‚Dashboard èˆ‡æ•¸æ“šæ‡‰ç”¨â€¢	èˆ‡å•†å‹™åœ˜éšŠåˆä½œï¼Œè¨­è¨ˆç‡Ÿé‹å ±è¡¨ã€ç”¨æˆ¶è¡Œç‚ºæ•¸æ“šè¿½è¹¤ã€BI dashboard (Superset, Metabase)ã€‚â€¢	å„ªåŒ–æ•¸æ“šæ¨¡å‹èˆ‡SQL  æŸ¥è©¢ï¼Œæå‡å ±è¡¨æ•ˆèƒ½èˆ‡æº–ç¢ºåº¦ã€‚æŠ€è¡“è¿­ä»£èˆ‡å°ˆæ¡ˆäº¤ä»˜â€¢	è¦åŠƒä¸¦æ¨å‹•è³‡æ–™å¹³å°å‡ç´šï¼Œå°‡ç¾æœ‰ç³»çµ±è½‰æ›è‡³ Modern Data Stackã€‚â€¢	æ’°å¯«æŠ€è¡“æ–‡ä»¶ï¼Œåˆ¶å®šæ¸¬è©¦ç­–ç•¥ï¼Œä¸¦é€²è¡Œåœ˜éšŠçŸ¥è­˜åˆ†äº«ã€‚â€¢	ç¢ºä¿æ•¸æ“šå¹³å°çš„ é«˜å¯ç”¨æ€§ã€å®‰å…¨æ€§èˆ‡å¯æ“´å±•æ€§ã€‚æœªä¾†æ”¯æ´æ–¹å‘â€¢	è¦åŠƒ æ¨è–¦ç³»çµ±ã€æœç´¢æœå‹™ã€å…§å®¹å¯©æŸ¥ ç­‰æ‡‰ç”¨å ´æ™¯çš„æ•¸æ“šæ”¯æ´ã€‚â€¢	å»ºç«‹feature storeã€è¿‘å³æ™‚æ•¸æ“šè™•ç†ï¼Œæ”¯æŒMachine Learning pipeline èˆ‡ç”Ÿæˆå¼AIå°ˆæ¡ˆã€‚",www.cake.me//companies/nyx/jobs/data-platform-engineer-data-engineer-data-processing-engineer
13,çµ±ä¸€è¶…å•†è³‡æ·±è³‡æ–™å·¥ç¨‹å¸«(uniopenå®¢æˆ¶è³‡æ–™å¹³å°CDP),çµ±ä¸€è¶…å•†è‚¡ä»½æœ‰é™å…¬å¸ï¼ˆ7-ELEVEN),2,Full-time,Entry level,"Xinyi District, Taipei City, Taiwan 110ãƒ»Taipei City, Taiwan",50K ~ 120K TWD / month,5 years of experience required,No management responsibility,"[æœ¬è·ç¼ºåƒ…æ¥å—104ç¶²ç«™æŠ•é]
è«‹è‡³çµ±ä¸€è¶…å•†104æ‹›å‹Ÿé é¢æŠ•éå€‹äººå±¥æ­·è¡¨ï¼Œè·¯å¾‘æŒ‡å¼•:https://www.104.com.tw/job/8p2a1?jobsource=googleCDP èˆ‡æ•¸æ“šç­–ç•¥â— è¨­è¨ˆ CDP è³‡æ–™æ¶æ§‹èˆ‡æ•¸æ“šæ¨¡å‹ï¼Œæ•´åˆå¤šä¾†æºæ•¸æ“šï¼Œæ”¯æ´è¡ŒéŠ·è‡ªå‹•åŒ–ã€‚â— å®šç¾©æ•¸æ“šé—œéµæŒ‡æ¨™ï¼ˆå¦‚å»¶é²ã€ååé‡ï¼‰ï¼Œé‹ç”¨ data observability ç¢ºä¿è³‡æ–™å“è³ªèˆ‡ä¸€è‡´æ€§ã€‚é«˜æ•ˆæ•¸æ“šç®¡é“å»ºç½®â— é–‹ç™¼åŸºæ–¼ Kafka æˆ– Flink çš„å³æ™‚æ•¸æ“šæµï¼Œä»¥åŠ Airflow èª¿åº¦çš„æ‰¹æ¬¡è™•ç†ç®¡é“ã€‚â— ä½¿ç”¨ Delta Lake æˆ– Snowflake å»ºç½®æ•¸æ“šæ¹–/å€‰åº«ï¼Œæ”¯æ´é›»å•†å ´æ™¯çš„é«˜æ•ˆæŸ¥è©¢ã€‚â— å„ªåŒ–æ•¸æ“šè™•ç†æµç¨‹ï¼Œç¢ºä¿ä½å»¶é²èˆ‡é«˜ååé‡ã€‚â— åˆ†ææ•¸æ“šæµæ•ˆèƒ½ï¼ŒæŒçºŒå„ªåŒ– ETL/ELT æµç¨‹ï¼Œæå‡å¯é åº¦ã€‚è·¨éƒ¨é–€å”ä½œâ— èˆ‡è³‡æ–™ç§‘å­¸åœ˜éšŠåˆä½œï¼Œé€é MLOps æ”¯æ´æ¨¡å‹éƒ¨ç½²èˆ‡è¨“ç·´ã€‚â— èˆ‡è¡ŒéŠ·ã€ç”¢å“ã€è³‡æ–™ç§‘å­¸åœ˜éšŠå°æ¥ï¼Œæ¨å‹•æ•¸æ“šé©…å‹•å°ˆæ¡ˆã€‚â— å…·æŒ‡å°åˆ/ä¸­éšå·¥ç¨‹å¸«ç¶“é©—ï¼Œèƒ½ä¸»å°æŠ€è¡“è¦åŠƒèˆ‡å•é¡Œæ’æŸ¥ã€‚è³‡æ–™åˆè¦â— è¨­è¨ˆç¬¦åˆ GDPRã€CCPA çš„è³‡æ–™æ¨¡å‹èˆ‡æ²»ç†æµç¨‹ï¼Œç¢ºä¿è³‡æ–™å®‰å…¨èˆ‡éš±ç§ã€‚",www.cake.me//companies/7eleventw/jobs/aa595a
14,è³‡æ–™åˆ†æå¸«,ç¾¤å¥ç§‘æŠ€è‚¡ä»½æœ‰é™å…¬å¸Cofit Healthcare Inc.,1,Full-time,Mid-Senior level,"Taipei City, Taiwan",60K ~ 80K TWD / month,3 years of experience required,No management responsibility,"â˜… é—œæ–¼ Cofit
Hiï¼Œæˆ‘å€‘æ˜¯ Cofitï¼Œæ­£åœ¨æ‰“é€ ä¸€å€‹æ©«è·¨å°ç£ã€ç¾åŠ ã€æ–°åŠ å¡ã€é¦™æ¸¯ã€å¤§é™¸å’Œæ±å—äºçš„è·¨å¢ƒå¥åº·å¹³å°ï¼ŒæŠŠå°ç£å„ªç§€çš„é†«ç™‚å’Œæœå‹™è¼¸å‡ºï¼Œå¹«åŠ©ä¸–ç•Œå„åœ°è¯äººè¼•é¬†æ¸›è‚¥ã€å¥èº«ã€é é›¢ä¸‰é«˜ï¼ç†±æƒ…é‚€è«‹å°ç¶²è·¯ã€å¥åº·ç¾é£Ÿæœ‰èˆˆè¶£çš„å¤¥ä¼´åŠ å…¥æˆ‘å€‘ï¼Œä¸€èµ·åƒèˆ‡åœ˜éšŠçš„æˆé•·å’Œå£¯å¤§ï¼åœ¨é€™è£¡ä½ å°‡å¾—åˆ°æœ€å¤§çš„æˆæ¬Šã€ç›¡æƒ…ç™¼æ®ï¼çµ•å°è‡ªç”±çš„å·¥ä½œç’°å¢ƒã€å‰µæ¥­ç²¾ç¥çš„å¯¦è¸ã€é‚„èƒ½ç²å¾—çµ‚ç”Ÿå—ç”¨çš„å¥åº·çŸ¥è­˜ã€‚â˜… å·¥ä½œå…§å®¹1. è³‡æ–™è™•ç†èˆ‡æ•´åˆ- è’æ•´ä¸¦æ¸…ç†ç‡Ÿé‹ã€è¡ŒéŠ·ã€é†«ç™‚èˆ‡æœå‹™ç­‰å¤šä¾†æºè³‡æ–™ï¼ˆå« Appã€CRMã€å…§éƒ¨ç³»çµ±ï¼‰ã€‚- æ’°å¯« SQL / Python é€²è¡Œè³‡æ–™è½‰æ›ã€æŒ‡æ¨™æ•´åˆèˆ‡å“è³ªé©—è­‰ã€‚- èˆ‡ Data Engineer åˆä½œï¼Œå„ªåŒ–åˆ†æå±¤çµæ§‹èˆ‡è³‡æ–™æ•ˆèƒ½ï¼Œç¢ºä¿ä¸€è‡´æ€§èˆ‡å¯è¿½è¹¤æ€§ã€‚2. è³‡æ–™åˆ†æèˆ‡æ‡‰ç”¨- åˆ†æç‡Ÿé‹ã€è¡ŒéŠ·ã€å®¢æˆ¶è¼ªå»“èˆ‡è‡¨åºŠæ•¸æ“šï¼Œç™¼æ˜è¶¨å‹¢èˆ‡é—œéµå½±éŸ¿å› ç´ ï¼Œæä¾›å…·è¡Œå‹•æ€§çš„æ´å¯Ÿèˆ‡å»ºè­°ã€‚- å»ºç«‹ä¸¦ç¶­è­·å ±è¡¨èˆ‡åˆ†æä»‹é¢ï¼ˆMetabaseã€Tableauã€Looker Studioã€MicroStrategyï¼‰ã€‚3. è³‡æ–™è¦–è¦ºåŒ–èˆ‡æ´å¯Ÿå‚³é- ä»¥æ¸…æ™°åœ–è¡¨èˆ‡æ–‡å­—å‘ˆç¾åˆ†æçµæœï¼Œä¿ƒé€²æ±ºç­–èˆ‡è·¨éƒ¨é–€å”ä½œã€‚- è£½ä½œç°¡å ±èˆ‡å ±å‘Šï¼Œæ”¯æ´é«˜éšæœƒè­°èˆ‡å°ˆæ¡ˆæºé€šã€‚- å»ºç«‹æ¨™æº–åŒ–è³‡æ–™å‘ˆç¾èˆ‡å ±è¡¨æ ¼å¼ï¼Œç¢ºä¿è³‡è¨Šé€æ˜èˆ‡ä¸€è‡´ã€‚â˜… æ–‡åŒ–èˆ‡åƒ¹å€¼è§€- äº«å—æ–°å‰µåœ˜éšŠå……æ»¿æŒ‘æˆ°çš„ç”Ÿæ´»ã€‚- èƒ½æ¥å—æ–°é®®äº‹ç‰©ï¼Œèˆ‡å„é ˜åŸŸäººæ‰äº¤æµå­¸ç¿’ã€‚- é¢å°å•é¡Œèƒ½å¿«é€Ÿåˆ†æï¼Œæ‰¾å‡ºå•é¡Œé»èˆ‡è§£æ±ºæ–¹æ¡ˆã€‚- é‡è¦–ç´°ç¯€ï¼Œå°æ–¼è‡ªå·±äº¤ä»˜å‡ºçš„æˆæœè² è²¬ä¸”è‡ªè±ªã€‚- ä¸»å‹•æºé€šï¼Œå°±äº‹è«–äº‹ï¼Œæœ‰è‡ªå·±çš„æƒ³æ³•ä½†ä¸å›ºåŸ·ã€‚- é‡è¦–è‡ªæˆ‘èƒ½åŠ›ç²¾é€²ï¼Œç¶“å¸¸æ€è€ƒã€Œé‚„æœ‰æ›´å¥½çš„è§£æ±ºæ–¹å¼å—ï¼Ÿã€",www.cake.me//companies/cofit-healthcare-inc/jobs/data-engineer-fa6
15,âš™ï¸ Hybrid + æŠ€è¡“æ±ºç­–æ¬Šï½œAIoT é›²ç«¯è³‡æ–™æ¶æ§‹å¸« Data Architect-TL,Cake Recruitment Consulting,1,Full-time,Mid-Senior level,"Zhongzheng District, Taipei City, Taiwan",1.5M ~ 2.4M TWD / year,8 years of experience required,No management responsibility,"å…¬å¸ä»‹ç´¹
é€™æ˜¯ä¸€å®¶åœ¨ æ™ºæ…§èƒ½æºèˆ‡ AIoT é›²ç«¯å¹³å° é ˜åŸŸå…·é ˜å°åœ°ä½çš„è»Ÿé«”å…¬å¸ï¼Œç”¢å“å·²å»£æ³›æ‡‰ç”¨æ–¼å†ç”Ÿèƒ½æºç›£æ§èˆ‡å·¥æ¥­ç‰©è¯ç¶²ã€‚
å…¬å¸ä»¥ è³‡æ–™ç‚ºæ ¸å¿ƒè³‡ç”¢ï¼Œæ¯æ—¥è™•ç†è¶…éæ•¸å„„ç­†èƒ½æºæ™‚åºè³‡æ–™ï¼ŒæŒçºŒæ‰“é€ é«˜ä½µç™¼ã€é«˜å¯é æ€§çš„å…¨çƒç´šè³‡æ–™å¹³å°ã€‚
åœ˜éšŠæ–‡åŒ–æ¥µåº¦é‡è¦–æŠ€è¡“å“è³ªèˆ‡æ¶æ§‹æ€ç¶­ï¼Œé¼“å‹µç†æ€§è¨è«–èˆ‡é–‹æ”¾äº¤æµã€‚é€™è£¡æ²’æœ‰åƒµåŒ–éšå±¤ï¼Œåªæœ‰å°å“è¶Šæ¶æ§‹èˆ‡æ•ˆèƒ½æ¥µé™çš„å…±åŒè¿½æ±‚ã€‚
è‹¥ä½ æ¸´æœ›è¨­è¨ˆèƒ½æ”¯æ’ 10 å€æµé‡æˆé•·çš„ AIoT ç³»çµ±ï¼Œé€™å°‡æ˜¯ä½ èƒ½å……åˆ†ç™¼æ®æŠ€è¡“èˆ‡å½±éŸ¿åŠ›çš„èˆå°ã€‚
å·¥ä½œå…§å®¹


ä¸»å°è¨­è¨ˆèˆ‡å„ªåŒ–é›²ç«¯ AIoT è³‡æ–™æµæ¶æ§‹ï¼Œæ¶µè“‹è³‡æ–™æµã€æ•´ä½µã€å„²å­˜åˆ†æèˆ‡äº‹ä»¶åµæ¸¬æ¨¡çµ„


èˆ‡ SRE åœ˜éšŠåˆä½œï¼Œé€²è¡Œæ¶æ§‹æ•ˆèƒ½ç“¶é ¸åˆ†æèˆ‡è½‰ç§»è¨ˆç•«è¨­è¨ˆï¼Œæ¨å‹•å¤§è¦æ¨¡ç³»çµ±æ•ˆèƒ½æå‡


å»ºæ§‹é«˜å¯ç”¨æ€§ç³»çµ±ã€ç•°åœ°å‚™æ´èˆ‡ç½é›£å¾©åŸæ©Ÿåˆ¶ï¼Œç¢ºä¿é›²ç«¯å¹³å°ç©©å®šæ€§


èˆ‡ Fullstack åœ˜éšŠå”ä½œï¼Œæ¨å‹•è³‡æ–™æµå¹³å°åŒ–ï¼Œæ”¯æ´å¤šç”¢å“è³‡æ–™éœ€æ±‚


å¼•é ˜åœ˜éšŠé€²è¡Œæ–°æŠ€è¡“è©•ä¼°èˆ‡é›²ç«¯æ¶æ§‹æ¼”é€²ï¼ŒæŒçºŒå„ªåŒ–è³‡æ–™è™•ç†ç­–ç•¥


æ“”ä»»è·¨éƒ¨é–€æŠ€è¡“æ©‹æ¨‘ï¼Œæä¾›æ¶æ§‹æ±ºç­–ã€åœ˜éšŠè¦åŠƒèˆ‡æŠ€è¡“æŒ‡å°


ä½¿ç”¨æŠ€è¡“
RabbitMQã€Fluentdã€Elasticsearchã€InfluxDBã€Redisã€MySQLã€Sparkã€Kafkaã€SFTP/FTPS
Pythonï¼ˆä¸»ç¨‹å¼èªè¨€ï¼‰ã€Golangã€Rust
Linuxã€Dockerã€Kubernetesï¼ˆK8sï¼‰ã€GCP / AWS / Azure



æˆé•·æŒ‘æˆ°
ä½ å°‡ç›´æ¥é¢å°å–®æ—¥æ•¸å„„ç­†è³‡æ–™ã€ç™¾ TB ç´šåˆ¥çš„å„²å­˜èˆ‡åˆ†ææŒ‘æˆ°ï¼Œä¸¦ä¸»å°é›²ç«¯æ¶æ§‹çš„æ¼”é€²èˆ‡å¹³å°åŒ–ã€‚
åœ¨é€™å€‹è§’è‰²ä¸­ï¼Œä½ ä¸åªæ˜¯å·¥ç¨‹å¸«ï¼Œæ›´æ˜¯ æ¶æ§‹æ±ºç­–è€…èˆ‡æŠ€è¡“æ¨å‹•è€…ï¼Œæœ‰æ©Ÿæœƒå®šç¾©ä¸‹ä¸€ä»£èƒ½æº AIoT è³‡æ–™å¹³å°çš„å½¢è²Œã€‚",www.cake.me//companies/cake-recruitment-consulting/jobs/hybrid-technical-decision-making-power-aiot-cloud-data-architect-tl
16,Data Engineer è³‡æ–™å·¥ç¨‹å¸«,HackMD å—¨ç­†è¨˜è‚¡ä»½æœ‰é™å…¬å¸,1,Full-time,Mid-Senior level,"Taipei City, Taiwan",1M ~ 1.2M TWD / year,2 years of experience required,No management responsibility,"ä½ å°‡æœƒè² è²¬çš„å·¥ä½œå…§å®¹ï¼š
è¨­è¨ˆä¸¦ç¶­é‹è³‡æ–™å¹³å°ï¼Œæ•´åˆé—œè¯å¼è³‡æ–™åº«èˆ‡ä½¿ç”¨è€…è¡Œç‚ºæ—¥èªŒï¼Œæ”¯æ´ç”¢å“èˆ‡åˆ†æéœ€æ±‚é–‹ç™¼ä¸¦æœ€ä½³åŒ– ETL / ELT æµç¨‹ï¼Œç¢ºä¿è³‡æ–™çš„æ­£ç¢ºæ€§ã€æ™‚æ•ˆæ€§èˆ‡å¯æ“´å±•æ€§èˆ‡è³‡æ–™ç§‘å­¸å®¶èˆ‡ç”¢å“ç¶“ç†å”ä½œï¼Œå°‡æ¥­å‹™éœ€æ±‚è½‰åŒ–ç‚ºè³‡æ–™æ¨¡å‹èˆ‡è³‡æ–™ç”¢å“å”åŠ©æ©Ÿå™¨å­¸ç¿’æ¨¡å‹çš„ç‰¹å¾µå·¥ç¨‹ã€æ¨è«–æµç¨‹èˆ‡æ’ç¨‹éƒ¨ç½²æœ€ä½³åŒ–æ—¢æœ‰è³‡æ–™æµç¨‹æ•ˆèƒ½ï¼Œä¸¦ç¢ºä¿è³‡æ–™å®‰å…¨æ€§èˆ‡å­˜å–æ¬Šé™ç¬¦åˆå…§éƒ¨è¦ç¯„æ’°å¯«å…§éƒ¨æ–‡ä»¶èˆ‡æŠ€è¡“ Best Practicesï¼Œæå‡åœ˜éšŠé–‹ç™¼æ•ˆç‡èˆ‡çŸ¥è­˜å‚³æ‰¿
è–ªè³‡ç¯„åœï¼š
æ–°å°å¹£ 100-120 è¬å…ƒ (å¹´è–ª)ï¼Œå¦‚è¶…å‡ºæ¢ä»¶å¯é¢è­°å½ˆæ€§é è·è¾¦å…¬ï¼Œå¯¦é«”è¾¦å…¬å®¤åœ°é»ï¼šæ¾æ±Ÿå—äº¬ç«™ï¼Œèµ°è·¯ 10 åˆ†é˜ï¼Œå…¬åœ’æ—é‚Šï¼Œé¬§ä¸­å–éœ
è¯çµ¡æ–¹å¼ï¼š
å…§æ–‡è«‹é™„ä¸Šå€‹äººç¶“æ­·èˆ‡éå»çš„ç¶“é©—åˆ†äº«ï¼Œæˆ‘å€‘å¾ˆæ¨‚æ–¼è½æ‚¨åˆ†äº«æ•…äº‹",www.cake.me//companies/hackmd/jobs/data-engineer-318355
17,ã€æ—¥æœ¬æ±äº¬ã€‘çŸ¥åæ–°å‰µä¼æ¥­  æ©Ÿå™¨å­¸ç¿’é‹ç”¨å·¥ç¨‹å¸«(MLOps),Mynavi å°ç£é‚é‚£æ¯”è‚¡ä»½æœ‰é™å…¬å¸,1,Full-time,Entry level,"Zhudong Township, Hsinchu County, Taiwan, 310ãƒ»Tokyo Metropolis, Japanãƒ»Tokyo, Tokyo Metropolis, Japan",7M ~ 12M JPY / year,3 years of experience required,No management responsibility,"ä»¥ã€Œé‡‹æ”¾è£½é€ æ¥­çš„æ½›åŠ›ã€ç‚ºä½¿å‘½ï¼Œè‡´åŠ›æ–¼æ¨å‹•è£½é€ æ¥­çš„æ•¸æ“šå¹³å°ç”¢å“ã€‚
2022 å¹´é€éæ©Ÿå™¨å­¸ç¿’ç­‰å¤šç¨®æŠ€è¡“ï¼Œå°‡è£½é€ æ¥­ä¸­æ¥µç‚ºé‡è¦çš„åœ–é¢æ•¸æ“šé€²è¡Œçµæ§‹åŒ–ï¼Œä¸¦èˆ‡å„é¡è³‡è¨Šé€£çµï¼Œè®“åœ–é¢èƒ½å¤ ä½œç‚ºè³‡è¨Šè³‡ç”¢è¢«éˆæ´»é‹ç”¨ã€‚è©²ç”¢å“ç›®å‰å·²è¢«æ—¥æœ¬åœ‹å…§çœ¾å¤šå¤§å‹è£½é€ å•†èˆ‡åŠ å·¥å…¬å¸å»£æ³›æ¡ç”¨ï¼Œæˆé•·è¿…é€Ÿã€‚
è‡ª 2023 å¹´èµ·ï¼Œæˆ‘å€‘ä¹Ÿé–‹å§‹å‘æµ·å¤–å¸‚å ´æ‹“å±•ï¼ŒåŒ…æ‹¬ç¾åœ‹ã€æ³°åœ‹ã€è¶Šå—ç­‰åœ°ï¼ŒåŠ é€Ÿæ¨é€²å…¨çƒä½ˆå±€ã€‚
æœªä¾†ï¼Œæˆ‘å€‘å°‡ä¸åªé™æ–¼åœ–é¢è³‡æ–™ï¼Œè€Œæ˜¯è‡´åŠ›æ–¼é€éç§‘æŠ€æ‰‹æ®µï¼Œé‡ç¾èˆ‡æ•´åˆè£½é€ æ¥­çš„å°ˆæ¥­çŸ¥è­˜ï¼Œå¯¦ç¾è·¨éƒ¨é–€ã€è·¨ä¼æ¥­çš„æ•´é«”æœ€é©åŒ–ã€‚ã€å·¥ä½œå…§å®¹ã€‘
MLOps å·¥ç¨‹å¸«å°‡èˆ‡æ©Ÿå™¨å­¸ç¿’å·¥ç¨‹å¸«å¯†åˆ‡åˆä½œï¼Œè² è²¬å»ºæ§‹ã€ç¶­è­·èˆ‡ç‡Ÿé‹èƒ½å¤ ç©©å®šæä¾›æ©Ÿå™¨å­¸ç¿’èˆ‡æ•¸æ“šç§‘å­¸æ¨¡å‹çš„ç³»çµ±åŸºç¤æ¶æ§‹ã€‚æ­¤å¤–ï¼Œæ‚¨ä¹Ÿå°‡å¼•é ˜å»ºç«‹æ•¸æ“šæ”¶é›†ç®¡ç·šï¼Œä¸¦æ¨å‹•æ•¸æ“šè³‡ç”¢æ´»ç”¨ã€‚
ä»¥ä¸‹ç‚ºå·¥ä½œå…§å®¹ç¤ºä¾‹ï¼Œå¯¦éš›å·¥ä½œé …ç›®ä¸åƒ…é™æ–¼æ­¤ï¼Œå…¥è·å¾Œçš„å·¥ä½œç¯„ç–‡å°‡ä¾æ“šæ‚¨çš„æŠ€è¡“èƒ½åŠ›ã€å°ˆæ¥­çŸ¥è­˜èˆ‡ç¶“é©—å…±åŒè¨è«–æ±ºå®šï¼š


å»ºæ§‹æ”¯æ´æ©Ÿå™¨å­¸ç¿’æ¨¡å‹æ¨è«–çš„ API èˆ‡ Batch é‹è¡Œç’°å¢ƒï¼ŒåŠä½¿ç”¨ CI/CD é€²è¡Œéƒ¨ç½²çš„ç³»çµ±æ¶æ§‹


åœ¨æ­£å¼ç’°å¢ƒä¸­åŸ·è¡Œç›£æ§ã€æ•ˆèƒ½èª¿æ ¡ç­‰æå‡ Site Reliability çš„ç›¸é—œé–‹ç™¼


ä½¿ç”¨ Vertex AI æˆ– Argo Workflow å»ºç«‹ã€ç¶­è­·èˆ‡é‹ç‡Ÿæ©Ÿå™¨å­¸ç¿’è™•ç†æµç¨‹ï¼ˆPipelineï¼‰


æœ€ä½³åŒ–æ¨è«–èˆ‡è¨“ç·´å¹³å°çš„æˆæœ¬æ•ˆç›Š


èˆ‡å»ºæ¨¡äººå“¡ã€å¹³å°å·¥ç¨‹åœ˜éšŠé€²è¡Œæœ‰æ•ˆæºé€šï¼Œä¸¦å°‡ç›¸é—œæµç¨‹é€²è¡Œæ–‡ä»¶åŒ–èˆ‡åˆ¶åº¦åŒ–
â–  ä½¿ç”¨èªè¨€


å‰ç«¯ï¼šTypeScript


å¾Œç«¯ï¼šRustã€TypeScriptã€Python


â–  æ¡†æ¶èˆ‡å‡½å¼åº«


å‰ç«¯ï¼šReactã€Next.jsã€WebGLã€WebAssembly


å¾Œç«¯ï¼šRustï¼ˆaxumï¼‰ã€Node.jsï¼ˆExpressã€Fastifyã€NestJSï¼‰ã€PyTorch


â–  åŸºç¤æ¶æ§‹


Google Cloudã€Google Kubernetes Engineï¼ˆGKEï¼‰ã€Anthos Service Mesh

â–  è³‡æ–™åº«ï¼è³‡æ–™å€‰å„²


CloudSQLï¼ˆPostgreSQLï¼‰ã€AlloyDBã€Firestoreã€BigQuery

â–  API


GraphQLã€RESTã€gRPC

â–  ç›£æ§èˆ‡æ•ˆèƒ½è¿½è¹¤


Datadogã€Sentryã€Cloud Monitoring

â–  ç’°å¢ƒå»ºç½®


Terraform


â–  CI/CD


GitHub Actions


â–  èªè­‰ç®¡ç†


Auth0


â–  é–‹ç™¼å·¥å…·


GitHubã€GitHub Copilotã€Figmaã€Storybook

â–  åœ˜éšŠæºé€šå·¥å…·


Slackã€Discordã€JIRAã€Miroã€Confluence",www.cake.me//companies/mynavi/jobs/ca-mlops
18,"(å…¨é ç«¯) è³‡æ–™å·¥ç¨‹å¸« / AI & Data Engineer - æ¨è–¦ç³»çµ±, AI Agent",Rooit Inc. (XO App),1,Full-time,Mid-Senior level,"Tainan City, Taiwanãƒ»Taiwanãƒ»Taichung City, Taiwanãƒ»Kaohsiung City, Taiwan",50K ~ 100K TWD / month,1 years of experience required,No management responsibility,"å„ªåŒ– XOåŒ¿åäº¤å‹app å¡ç‰‡å…§å®¹æ¨è–¦ç³»çµ±ï¼Œæ¯æœˆè¶…éåƒè¬æ¬¡æ»‘å‹•ã€åƒè¬å‰‡è³‡æ–™ç­‰å¾…ä½ ä¸€èµ·æ¢å‹˜å„ªåŒ–ç”¢å“
ä½¿ç”¨ pythonã€SQL ç­‰å·¥å…·å»ºç½®ç¬¦åˆç”¢å“éœ€æ±‚çš„ Data Pipelineåƒèˆ‡å°ˆæ¡ˆç”¢å“çš„è¨­è¨ˆèˆ‡é–‹ç™¼ï¼ˆæ¨è–¦ç³»çµ±ã€å®¢æˆ¶è¡Œç‚ºåˆ†æã€éŠ·å”®é æ¸¬ã€å½±åƒè¾¨è­˜ã€èªæ„åˆ†æ ...ï¼‰",www.cake.me//companies/rooit-me/jobs/full-remote-data-engineer-data-engineer
19,Data Engineer,"Polymer Systematic Taiwan Limited, Taiwan Branch",1,Full-time,Mid-Senior level,"Taipei City, Taiwan",50K ~ 90K TWD / month,2 years of experience required,No management responsibility,"Company Introduction
Polymer Capital Management is a market-neutral, multi-manager investment platform focused on Asia. Our goal is to discover and nurture the region's top investment talent by combining established institutional support with extensive local financial market knowledge. We were founded in partnership with PAG, one of the world's largest Asia-focused alternative asset managers, and we have been operational since 2019.
Job Brief
We are looking for Data Engineers to join our hedge fund and manage our data operations. You will be responsible for engaging with various data vendors, designing and implementing data pipelines, and ensuring data quality and security. You will also support the data infrastructure and pipelines of the fund.
Responsibilities:
Engage with various data vendors to find the best data for the fundâ€™s investment and trading activitiesEvaluate data quality, delivery timing, frequency, method, and symbology of different data sourcesFollow up contract and budget approval process with data vendors and internal stakeholdersKeep records of cost splits and propose ratio drafts for data vendor invoicesDesign data pipelines to process various internal and external data according to the nature of the data and the need of internal usersMake sure the data pipeline and storage solutions are performant and scalableImplement automated data quality checks and alert system to monitor and troubleshoot data issuesProvide adequate access control and usage audit solutions to ensure data security and complianceResearch and evaluate latest data related technologies and tools to keep our data platform updated and competitiveLead and mentor a team of data engineers and ensure they have the necessary skills, tools, and resources to perform their tasksCollaborate with the investment and trading teams to understand their data needs and provide them with relevant and timely data access and delivery
Why join us?
You'll work full-time in our centrally located office in the heart of Taipei, alongside a team of highly driven professionals eager to learn and develop their skills. We celebrate diversity and are dedicated to creating an inclusive environment for all employees. With 12 offices across the region, Polymer teams collaborate to tackle meaningful challenges at scale.
Some of our Benefits 
Annual paid leave Medical group insuranceMonthly gym subsidy
Email resume to: [emailÂ protected] (Subject Line: HC Department RE: Job Title)
www.polymercapital.com",www.cake.me//companies/polymertaiwan/jobs/senior-front-end-developer-61e06c
20,Lead / Principal Data Engineer (Data Infra & Ops) (hybrid; Jakarta),Fazz,1,Full-time,Mid-Senior level,"Jakarta Special Capital Region, Republic of Indonesia",4 years of experience required,No management responsibility,,"#About the TeamFazzâ€™s Data Engineering teams are responsible for creating and maintaining the infrastructure that runs the companyâ€™s data pipeline, and optimizing the flow and collection of data for the critical business analytics and AI/data-driven solutions. The success of the team relies on the high engineering standard and the adoption of cutting-edge technology that empowers the organization to be agile. Data engineering forms the foundation to ensure that precious data is being properly stored and curated so that value can be derived from them.# Roles and Responsibilities

The Data Infra and Ops team, which is part of the data engineering team, is responsible for architecting the Groupâ€™s data infrastructure that underlie all our data pipelines and machine learning solutions. The teamsâ€™ mission is to achieve maximum efficiency and stability of the entire data infrastructure, and that data is only accessed by those who are authorised to do so.As a Lead Data Engineer (Data Infra & Ops), you will work with and lead other data engineers to develop our data infrastructure, and create processes to facilitate the smooth operation of our data pipelines. You will work with the team to ensure that accurate data is available in a timely manner for management to make informed decisions, operational teams to track their metrics, and data scientists to create and run machine learning models. The responsibilities for this role include:Create and maintain infra for ETL pipelines, data warehouse, business intelligence reporting and ML model deploymentsCreate active and passive monitoring for data infrastructure (alerts, usage dashboards, etc)Develop, maintain and optimise processes for ensuring smooth data engineering operationsResearch into data engineering best practices and make continual improvements to Fazzâ€™s data infrastructure and processes",www.cake.me//companies/draft-fazz-id/jobs/d5a750
21,"Fintech-äº¤æ˜“æ‰€- (Sr.) Data Engineer â€“ Cloud-first, High-impact -TL",Cake Recruitment Consulting,1,Full-time,Mid-Senior level,"Xinyi District, Taipei City, Taiwan",1.2M ~ 1.8M TWD / year,4 years of experience required,No management responsibility,"Join a fast-growing fintech company thatâ€™s shaping the future of digital asset trading. Backed by a global user base and a mission to build secure, scalable systems, we are now expanding our data infrastructure team and looking for experienced Data Engineers ready to make a real impact.
Here, engineers are trusted with real ownership and are empowered to propose, build, and optimize data systems from the ground up. If you're passionate about designing robust pipelines and enjoy working with international teams, this is your next challenge.
ğŸ” About the Role
As a (Senior) Data Engineer, you will work closely with Data Scientists and Analysts across teams to build, optimize, and maintain data pipelines on a cloud-first architecture. This role involves collaborating with stakeholders across departments, identifying performance gaps, and ensuring our data systems remain scalable, reliable, and observable.
ğŸ’¼ Responsibilities


Build and maintain scalable data pipelines and infrastructure on AWS


Collaborate with analysts and scientists to ensure timely, accurate data delivery


Design and improve ETL/ELT workflows using tools like Apache Airflow


Set up monitoring and observability for data integrity and system performance


Propose and implement improvements to our current data platform


ğŸ What We Offer


Competitive annual compensation package


Flat team structure and international collaboration environment


Flexibility to partially work remotely


Healthcare coverage and wellness benefits


A front-row seat to the fast-evolving world of fintech and blockchain


Interested in building the future of data at scale?
Apply now or reach out for a confidential chat.
Weâ€™re excited to meet builders who care about performance, integrity, and impact.",www.cake.me//companies/cake-recruitment-consulting/jobs/fintech-exchange-sr-data-engineer-cloud-first-high-impact-tl
22,"Fintech-äº¤æ˜“æ‰€- (Sr.) Data Engineer â€“ Cloud-first, High-impact -TL",Foreign Professional Talent Recruitment in Taiwan,1,Full-time,Mid-Senior level,"Xinyi District, Taipei City, Taiwan",1.2M ~ 1.8M TWD / year,4 years of experience required,No management responsibility,"Join a fast-growing fintech company thatâ€™s shaping the future of digital asset trading. Backed by a global user base and a mission to build secure, scalable systems, we are now expanding our data infrastructure team and looking for experienced Data Engineers ready to make a real impact.
Here, engineers are trusted with real ownership and are empowered to propose, build, and optimize data systems from the ground up. If you're passionate about designing robust pipelines and enjoy working with international teams, this is your next challenge.
ğŸ” About the Role
As a (Senior) Data Engineer, you will work closely with Data Scientists and Analysts across teams to build, optimize, and maintain data pipelines on a cloud-first architecture. This role involves collaborating with stakeholders across departments, identifying performance gaps, and ensuring our data systems remain scalable, reliable, and observable.
ğŸ’¼ Responsibilities
Build and maintain scalable data pipelines and infrastructure on AWSCollaborate with analysts and scientists to ensure timely, accurate data deliveryDesign and improve ETL/ELT workflows using tools like Apache AirflowSet up monitoring and observability for data integrity and system performancePropose and implement improvements to our current data platform
ğŸ What We Offer
Competitive annual compensation packageFlat team structure and international collaboration environmentFlexibility to partially work remotelyHealthcare coverage and wellness benefitsA front-row seat to the fast-evolving world of fintech and blockchain
Interested in building the future of data at scale?Apply now or reach out for a confidential chat.Weâ€™re excited to meet builders who care about performance, integrity, and impact.",www.cake.me//companies/taiwan-international-jobs/jobs/fintech-exchange-sr-data-engineer-cloud-first-high-impact-tl-209
23,Senior Data Engineer â€“ International Web3 Leader | Fully Remote | English Required - OW,Foreign Professional Talent Recruitment in Taiwan,1,Full-time,Mid-Senior level,"Taipei City, Taiwan",60K ~ 80K USD / year,3 years of experience required,No management responsibility,"ã€å…¬å¸æè¿°ã€‘
æˆ‘å€‘æ˜¯ä¸€å®¶å…¨çƒé ˜å…ˆçš„æ•¸å­—è³‡ç”¢äº¤æ˜“èˆ‡æ”¯ä»˜ç§‘æŠ€å…¬å¸ï¼Œè‡´åŠ›æ–¼æ‰“é€ å®‰å…¨ã€é«˜æ•ˆçš„é‡‘èåŸºç¤è¨­æ–½ã€‚
ç›®å‰ï¼Œæˆ‘å€‘æ­£åœ¨å°‹æ‰¾è³‡æ·±æ•¸æ“šå·¥ç¨‹å¸«ï¼Œè² è²¬çå‹µèˆ‡è²¡å‹™æ•¸æ“šé …ç›®çš„é–‹ç™¼èˆ‡å„ªåŒ–ï¼Œèˆ‡åœ‹éš›åœ˜éšŠåˆä½œï¼Œæ‰“é€ é«˜æ•ˆä¸”å¯æ“´å±•çš„æ•¸æ“šå¹³å°ã€‚
ã€Company Overviewã€‘
A global leader in digital asset exchange and payment technology, committed to building secure and efficient financial infrastructure.
The company is now hiring a Senior Data Engineer to drive development and optimization of data systems for rewards and financial operations. This role involves close collaboration with international teams to build scalable and reliable data platforms.

ã€è·ä½äº®é»ã€‘
âœ… å¹´è–ª USD $60,000â€“80,000ï¼Œå…·ç«¶çˆ­åŠ›çš„è–ªè³‡èˆ‡æˆé•·ç©ºé–“
âœ… åœ‹éš›åŒ–åœ˜éšŠï¼Œèˆ‡å…¨çƒé ‚å°–æŠ€è¡“å°ˆå®¶åˆä½œ
âœ… åƒèˆ‡é«˜ä½µç™¼ã€å³æ™‚æ•¸æ“šè™•ç†å°ˆæ¡ˆï¼Œç™¼å±•å¤§è¦æ¨¡æ•¸æ“šåŸºç¤è¨­æ–½
ã€Role Highlightsã€‘
âœ… Competitive salary (USD $60Kâ€“80K) with strong career growth
âœ… Join a global team and work with top engineers from around the world
âœ… Build high-throughput, real-time data infrastructure at scale

ã€è·ä½è·è²¬ã€‘
ğŸ”¹ æ•¸æ“šå¹³å°èˆ‡ç®¡é“é–‹ç™¼ï¼šè¨­è¨ˆèˆ‡ç¶­è­·ç©©å®šé«˜æ•ˆçš„æ•¸æ“šæ¶æ§‹
ğŸ”¹ æ•¸æ“šå€‰å„²å»ºç½®èˆ‡å„ªåŒ–ï¼šæ”¯æ´é›¢ç·šèˆ‡å³æ™‚æ•¸æ“šçš„å„²å­˜èˆ‡æª¢ç´¢
ğŸ”¹ å¤§æ•¸æ“šè™•ç†èˆ‡è½‰æ›ï¼šä½¿ç”¨ Hadoopã€Sparkã€Flink ç­‰æŠ€è¡“
ğŸ”¹ è·¨éƒ¨é–€å”ä½œï¼šèˆ‡è²¡å‹™ã€çå‹µã€æŠ€è¡“åœ˜éšŠåˆä½œï¼Œæä¾›æ•¸æ“šè§£æ±ºæ–¹æ¡ˆ
ã€Responsibilitiesã€‘
ğŸ”¹ Design and maintain stable, high-performance data platforms and pipelines
ğŸ”¹ Develop and optimize offline and real-time data warehouses
ğŸ”¹ Process and transform large data sets using Hadoop, Spark, or Flink
ğŸ”¹ Collaborate cross-functionally with Finance, Rewards, and Engineering teams to deliver data-driven solutions

ã€è·ä½è¦æ±‚ã€‘
âœ” 3â€“8 å¹´æ•¸æ“šå¹³å°æˆ–æ•¸æ“šå·¥ç¨‹ç¶“é©—
âœ” ç²¾é€š Hadoopã€Sparkã€Flink ç­‰å¤§æ•¸æ“šå·¥å…·
âœ” ç†Ÿæ‚‰ Python / Scala / Java è‡³å°‘ä¸€ç¨®ç¨‹å¼èªè¨€
âœ” ç†Ÿæ‚‰æ•¸æ“šå€‰å„²èˆ‡ ETLï¼ˆé›¢ç·šèˆ‡å³æ™‚ï¼‰é–‹ç™¼ç¶“é©—
âœ” æœ‰ Airflow ç¶“é©—è€…ä½³
âœ” è‹±æ–‡æµåˆ©ï¼Œèƒ½èˆ‡åœ‹éš›åœ˜éšŠé †åˆ©æºé€š
ã€Requirementsã€‘
âœ” 3â€“8 years of experience in data platform or pipeline engineering
âœ” Proficient in big data tools: Hadoop, Spark, Flink
âœ” Strong programming skills in at least one of: Python, Scala, or Java
âœ” Solid understanding of data warehousing and ETL (offline  real-time)
âœ” Experience with Airflow is a plus
âœ” Fluent in English with strong communication skills for working across global teams----------------------------------------------------------------------
è‹¥æ‚¨å°æ­¤è·ä½æ„Ÿèˆˆè¶£ï¼Œè«‹ç«‹å³è¯ç¹«ï¼Œè®“æˆ‘ç‚ºæ‚¨ä»‹ç´¹æ›´å¤šè©³ç´°è³‡è¨Šï¼
â–¶ï¸ è¯ç¹«äººï¼šæ‹›å‹Ÿé¡§å• Owen Wuâ–¶ï¸ LINEï¼š https://line.me/ti/p/ICjS8Jx0Dqâ–¶ï¸ LinkedInï¼š https://www.linkedin.com/in/owen-wu-1023a41a4/",www.cake.me//companies/taiwan-international-jobs/jobs/senior-data-engineer-international-web3-leader-fully-remote-english-required-ow
24,åœ‹éš›çŸ¥å Web3 æœå‹™å•†ğŸª™å…¨é ç«¯(è¦æ±‚è‹±æ–‡æºé€š) - æ•¸æ“šè³‡æ–™å·¥ç¨‹å¸«(Senior) - OW,Cake Recruitment Consulting,1,Full-time,Mid-Senior level,"Taipei City, Taiwan",60K ~ 80K USD / year,3 years of experience required,No management responsibility,"ã€å…¬å¸æè¿°ã€‘
æˆ‘å€‘æ˜¯ä¸€å®¶å…¨çƒé ˜å…ˆçš„æ•¸å­—è³‡ç”¢äº¤æ˜“èˆ‡æ”¯ä»˜ç§‘æŠ€å…¬å¸ï¼Œè‡´åŠ›æ–¼æ‰“é€ å®‰å…¨ã€é«˜æ•ˆçš„é‡‘èåŸºç¤è¨­æ–½ã€‚
ç›®å‰ï¼Œæˆ‘å€‘æ­£åœ¨å°‹æ‰¾ (è³‡æ·±)æ•¸æ“šå·¥ç¨‹å¸«ï¼Œè² è²¬çå‹µèˆ‡è²¡å‹™æ•¸æ“šç›¸é—œé …ç›®çš„é–‹ç™¼èˆ‡å„ªåŒ–ï¼Œ
èˆ‡åœ‹éš›åœ˜éšŠåˆä½œï¼Œå…±åŒæ§‹å»ºé«˜æ•ˆã€å¯æ“´å±•çš„æ•¸æ“šå¹³å°ã€‚
ã€è·ä½äº®é»ã€‘
âœ… å¹´è–ª 60-80K USDï¼Œå…·ç«¶çˆ­åŠ›çš„è–ªè³‡èˆ‡æˆé•·ç©ºé–“
âœ… åœ‹éš›åŒ–åœ˜éšŠï¼Œèˆ‡ä¾†è‡ªä¸–ç•Œå„åœ°çš„é ‚å°–æŠ€è¡“å°ˆå®¶åˆä½œ
âœ… åƒèˆ‡é«˜ä½µç™¼ã€å³æ™‚æ•¸æ“šè™•ç†å°ˆæ¡ˆï¼Œç™¼å±•å¤§è¦æ¨¡æ•¸æ“šåŸºç¤è¨­æ–½
ã€è·ä½è·è²¬ã€‘
ğŸ”¹ æ•¸æ“šå¹³å°èˆ‡æ•¸æ“šç®¡é“é–‹ç™¼ï¼šè¨­è¨ˆä¸¦ç¶­è­·é«˜æ•ˆçš„æ•¸æ“šåŸºç¤æ¶æ§‹ï¼Œç¢ºä¿æ•¸æ“šæµé †æš¢èˆ‡ç©©å®š
ğŸ”¹ æ•¸æ“šå€‰å„²å»ºç½®èˆ‡å„ªåŒ–ï¼šé–‹ç™¼ é›¢ç·šèˆ‡å³æ™‚æ•¸æ“šå€‰å„²ï¼Œç¢ºä¿æ•¸æ“šé«˜æ•ˆå­˜å„²èˆ‡æª¢ç´¢
ğŸ”¹ å¤§æ•¸æ“šè™•ç†èˆ‡åˆ†æï¼šé‹ç”¨ Hadoopã€Sparkã€Flink é€²è¡Œæ•¸æ“šè¨ˆç®—èˆ‡è½‰æ›
ğŸ”¹ è·¨éƒ¨é–€å”ä½œï¼šèˆ‡è²¡å‹™ã€çå‹µèˆ‡æŠ€è¡“åœ˜éšŠåˆä½œï¼Œæä¾›æ•¸æ“šè§£æ±ºæ–¹æ¡ˆ
ã€è·ä½è¦æ±‚ã€‘
âœ” 3-8 å¹´æ•¸æ“šå¹³å°/æ•¸æ“šç®¡é“å·¥ç¨‹ç¶“é©—
âœ” ç†Ÿæ‚‰å¤§æ•¸æ“šæŠ€è¡“ï¼šç²¾é€š Hadoopã€Sparkã€Flink
âœ” å…·å‚™ç¨‹å¼é–‹ç™¼èƒ½åŠ›ï¼šç²¾é€š Python / Scala / Java è‡³å°‘ä¸€ç¨®èªè¨€
âœ” ç†Ÿæ‚‰æ•¸æ“šå€‰å„²æ¦‚å¿µï¼Œå…·æœ‰ é›¢ç·š / å³æ™‚æ•¸æ“šå€‰å„² é–‹ç™¼ç¶“é©—
âœ” å…·å‚™ Airflow ç¶“é©— è€…ä½³
âœ” æµåˆ©çš„è‹±æ–‡æºé€šèƒ½åŠ›ï¼Œèƒ½èˆ‡åœ‹éš›åœ˜éšŠç„¡éšœç¤™å”ä½œ----------------------------------------------------------------------
è‹¥æ‚¨å°æ­¤è·ä½æ„Ÿèˆˆè¶£ï¼Œè«‹ç«‹å³è¯ç¹«ï¼Œè®“æˆ‘ç‚ºæ‚¨ä»‹ç´¹æ›´å¤šè©³ç´°è³‡è¨Šï¼
â–¶ï¸ è¯ç¹«äººï¼šæ‹›å‹Ÿé¡§å• Owen Wuâ–¶ï¸ LINEï¼š https://line.me/ti/p/ICjS8Jx0Dqâ–¶ï¸ LinkedInï¼š https://www.linkedin.com/in/owen-wu-1023a41a4/",www.cake.me//companies/cake-recruitment-consulting/jobs/729080
25,è³‡æ·±è²¡å‹™æ•¸æ“šå·¥ç¨‹å¸« Sr. Finance Data Engineer,çƒ½æ³°ç§‘æŠ€æœ‰é™å…¬å¸,2,Full-time,Mid-Senior level,"Taipei City, Taiwan",1.1M ~ 1.3M TWD / year,5 years of experience required,No management responsibility,"ã€å·¥ä½œå…§å®¹ã€‘
ä½œç‚ºé›†åœ˜æ•¸æ“šç­–ç•¥çš„é—œéµæ¨æ‰‹ï¼Œæ‚¨å°‡æœ‰æ©Ÿæœƒèˆ‡é›†åœ˜ITåœ˜éšŠä¸€åŒå°‡è²¡å‹™æ•¸æ“šå¾å‚³çµ±æ¶æ§‹è½‰å‹è‡³ç¾ä»£åŒ–é›²ç«¯å¹³å° (AWS)ã€‚å¦‚æœæ‚¨æ¸´æœ›èˆ‡é ‚å°–æ•¸æ“šå°ˆå®¶ã€å°ˆæ¡ˆç¶“ç†å…±åŒå”ä½œï¼Œä¸¦å°‡è³‡æ–™å·¥ç¨‹ã€é›²ç«¯ã€DataOps æŠ€è¡“æ‡‰ç”¨æ–¼å¯¦éš›æ¥­å‹™ç—›é»ï¼Œé‚£éº¼é€™å€‹è·ä½æ­£æ˜¯æ‚¨çš„æœ€ä½³èˆå°ï¼
æˆ‘å€‘çš„Sr. Finance DEå°‡æœƒèˆ‡é›†åœ˜ITåœ˜éšŠåˆä½œï¼Œé€æ­¥å°‡è²¡å‹™è³‡æ–™å¾åœ°ç«¯VMæ¬é·è‡³AWSé›²ç«¯ç’°å¢ƒï¼Œä¸¦å”åŠ©å…¶ä»–è²¡å‹™éƒ¨åŒä»å°‡æ—¥å¸¸æ¥­å‹™å ±è¡¨ã€åˆ†æå ±è¡¨é€²è¡Œè‡ªå‹•åŒ–ã€‚æˆ‘å€‘é‡è¦–å¿«é€Ÿæºé€šèˆ‡å¯¦éš›çš„å°ˆæ¡ˆäº¤ä»˜! åœ¨é€™è£¡ï¼Œé™¤äº†å…·ç«¶çˆ­åŠ›çš„è–ªè³‡èˆ‡å„ç¨®ç¦åˆ©å¤–ï¼Œæ‚¨é‚„èƒ½èˆ‡åœ˜éšŠå…§ä¸åŒçš„å¤¥ä¼´å€‘ç›¸äº’å­¸ç¿’ï¼Œè¿½æ±‚æŠ€è¡“æˆé•·ã€‚æˆ‘å€‘ç›¸ä¿¡ï¼Œé€éé€éå¯¦éš›çš„å°ˆæ¡ˆé–‹ç™¼èˆ‡æ–°æŠ€è¡“çš„å­¸ç¿’èˆ‡ä½¿ç”¨ï¼Œæ‰æ˜¯è®“åœ˜éšŠä¸æ–·é€²æ­¥èˆ‡æˆé•·çš„å‹•åŠ›ï¼

ã€æ‚¨éœ€è¦åšä»€éº¼?ã€‘ 
  â€¢ å”åŠ©è²¡å‹™æ•¸æ“šé›²ç«¯è½‰å‹ï¼š èˆ‡é›†åœ˜ IT åœ˜éšŠç·Šå¯†å”ä½œï¼Œè¦åŠƒä¸¦åŸ·è¡Œè²¡å‹™æ ¸å¿ƒè³‡æ–™å¾åœ°ç«¯ VM é·ç§»è‡³ AWS é›²ç«¯ç’°å¢ƒçš„ç­–ç•¥èˆ‡å¯¦æ–½ã€‚
  â€¢ å»ºæ§‹æ•¸æ“šè‡ªå‹•åŒ–æµç¨‹ï¼š è¨­è¨ˆã€é–‹ç™¼ä¸¦ç¶­è­·é«˜æ•ˆã€ç©©å®šçš„è²¡å‹™æ•¸æ“š ETL/ELT pipelineï¼Œå¯¦ç¾æ—¥å¸¸æ¥­å‹™å ±è¡¨èˆ‡åˆ†æå ±è¡¨çš„å…¨é¢è‡ªå‹•åŒ–ã€‚
 â€¢ æ•¸æ“šæ¶æ§‹å„ªåŒ–èˆ‡å‰µæ–°ï¼š æŒçºŒå­¸ç¿’ä¸¦å°å…¥å…ˆé€²çš„è³‡æ–™é ˜åŸŸçŸ¥è­˜èˆ‡æŠ€è¡“ï¼ˆå¦‚ DataOpsã€FinOps æ¦‚å¿µï¼‰ï¼Œå„ªåŒ–ç¾æœ‰æ•¸æ“šæ¶æ§‹ï¼Œæå‡æ•¸æ“šè™•ç†æ•ˆç‡èˆ‡å“è³ªã€‚
  â€¢ è·¨éƒ¨é–€å”ä½œèˆ‡æºé€šï¼š æ·±å…¥ç†è§£è²¡å‹™éƒ¨é–€éœ€æ±‚ï¼Œä¸¦èƒ½å°‡è¤‡é›œçš„æŠ€è¡“æ¦‚å¿µæ¸…æ™°åœ°å‚³é”çµ¦éæŠ€è¡“èƒŒæ™¯çš„åŒä»ï¼Œå…±åŒæ¨å‹•å°ˆæ¡ˆé€²ç¨‹ã€‚
  â€¢ æ•¸æ“šå°ˆæ¡ˆé–‹ç™¼èˆ‡ç®¡ç†ï¼š è² è²¬æ•¸æ“šç›¸é—œå°ˆæ¡ˆçš„è¨­è¨ˆã€é–‹ç™¼èˆ‡ç¶­è­·ï¼ŒåŒ…å« Datalake ç®¡ç†ã€è³‡æ–™æ”¶é›†ã€æ¸…æ´—ã€å„²å­˜ç­‰é—œéµåŠŸèƒ½ï¼Œç¢ºä¿æ•¸æ“šçš„å®Œæ•´æ€§ã€ä¸€è‡´æ€§èˆ‡å¯ç”¨æ€§ã€‚
  â€¢ æ–‡ä»¶æ’°å¯«èˆ‡çŸ¥è­˜å‚³æ‰¿ï¼š æ’°å¯«æ¸…æ™°çš„é–‹ç™¼æ–‡ä»¶ (Design Document, ERD, Diagram, User Manual)ï¼Œç¢ºä¿å°ˆæ¡ˆçŸ¥è­˜çš„æœ‰æ•ˆå‚³æ‰¿ã€‚

ã€æˆ‘å€‘æœŸå¾…æ‚¨å…·å‚™ã€‘ 
â€¢ ç²¾é€š SQLï¼Œå…·å‚™å¤§è¦æ¨¡é›†ä¸­/åˆ†æ•£å¼è³‡æ–™åº«çš„ CRUD æ“ä½œã€æ•ˆèƒ½å„ªåŒ–åŠè³‡æ–™æ¸…æ´— (ETL/ELT) å¯¦æˆ°ç¶“é©—ã€‚
â€¢ è±å¯Œçš„ Python è³‡æ–™å·¥ç¨‹é–‹ç™¼ç¶“é©—ï¼Œç†Ÿæ‚‰ä¸¦æ‡‰ç”¨ pandas, numpy, pyspark ç­‰æ ¸å¿ƒå¥—ä»¶ã€‚
â€¢ å…·å‚™ AWS é›²ç«¯å¹³å° (ä¾‹å¦‚ S3, EC2, Lambda, Glue, Redshift, Athena ç­‰æœå‹™) èˆ‡ Databricks çš„å¯¦å‹™é–‹ç™¼ç¶“é©—ã€‚
â€¢ å…·å‚™ Data Pipeline (è³‡æ–™æµ) çš„è¨­è¨ˆã€æ­å»ºèˆ‡å„ªåŒ–èƒ½åŠ›ï¼Œç†Ÿæ‚‰ Dagster æˆ– Airflow ç­‰æ’ç¨‹å·¥å…·ã€‚
â€¢ 5 å¹´ä»¥ä¸Šè³‡æ·±è³‡æ–™å·¥ç¨‹å¸«æˆ–ç›¸é—œç¶“é©—ï¼Œä¸¦å…·å‚™ç¨ç«‹ä¸»å°å°ˆæ¡ˆçš„èƒ½åŠ›ã€‚
â€¢ å“è¶Šçš„éœ€æ±‚è¨ªè«‡èˆ‡æ¥­å‹™é‚è¼¯ç†è§£èƒ½åŠ›ï¼Œèƒ½å°‡è¤‡é›œçš„æŠ€è¡“æ¦‚å¿µæ¸…æ™°åœ°å‚³é”çµ¦éæŠ€è¡“èƒŒæ™¯åˆ©å®³é—œä¿‚äººã€‚
â€¢ å…·å‚™è‰¯å¥½çš„æºé€šå”ä½œèƒ½åŠ›ï¼Œä¸»å‹•ç©æ¥µè§£æ±ºå•é¡Œï¼Œä¸¦æ¨‚æ–¼åˆ†äº«çŸ¥è­˜ã€‚

ã€ç¬¦åˆä»¥ä¸‹æ¢ä»¶ï¼Œå°‡æ˜¯æ‚¨çš„å„ªå‹¢ã€‘ 
â€¢ å…·å‚™è²¡å‹™é‡‘èç›¸é—œå°ˆæ¥­çŸ¥è­˜æˆ–åœ¨é‡‘èç§‘æŠ€ç”¢æ¥­çš„è³‡æ–™å·¥ç¨‹ç¶“é©—ã€‚
â€¢ å° DataOps æˆ– FinOps ç†å¿µæœ‰æ·±å…¥ç†è§£èˆ‡å¯¦è¸ç¶“é©—ã€‚
â€¢ ç†Ÿæ‚‰ Linux æ“ä½œèˆ‡ Shell Scriptã€‚
â€¢ å…·å‚™ è³‡æ–™è¦–è¦ºåŒ–å·¥å…· (Tableauã€PowerBI) å¯¦å‹™ç¶“é©—ã€‚",www.cake.me//companies/unicornfintech/jobs/sr-finance-data-engineer
26,çŸ¥åé‡‘æ§æ•¸ä½è½‰å‹ - æ•¸æ“šéƒ¨ -æ•¸æ“šç®¡ç†ç§‘- (è³‡æ·±)è³‡æ–™ç§‘å­¸å·¥ç¨‹å¸«Data Engineer - TL,Cake Recruitment Consulting,1,Full-time,Mid-Senior level,"Xinyi District, Taipei City, Taiwan",1M ~ 1.5M TWD / year,5 years of experience required,No management responsibility,"å…¬å¸ä»‹ç´¹ï¼š
æˆ‘å€‘çš„å®¢æˆ¶æ˜¯ä¸€å®¶é ˜å…ˆçš„é‡‘èç§‘æŠ€å…¬å¸ï¼Œè‡´åŠ›æ–¼é€šéæ•¸ä½ã€æ•¸æ“šå’ŒæŠ€è¡“æ¨å‹•æ•´é«”è½‰å‹ã€‚å…¬å¸æ­£åœ¨ç©æ¥µæ‰“é€ æ•¸æ“šé©…å‹•æ–‡åŒ–ï¼Œä»¥æˆç‚ºæä¾›å“è¶Šé‡‘èæœå‹™çš„ç§‘æŠ€å…¬å¸ç‚ºç›®æ¨™ã€‚å…¬å¸ç’°å¢ƒé–‹æ”¾å‰µæ–°ï¼Œé¼“å‹µå“¡å·¥ç™¼æ®å‰µé€ åŠ›ï¼Œå¯¦ç¾è·æ¥­ç†æƒ³ã€‚
JD:


 
 
  1.éŠ€è¡Œè³‡æ–™å€‰å„²ETLæ‰¹æ¬¡ç¶­é‹ç®¡ç†ã€æµ·å…§å¤–å€‰å„²æ•¸æ“šæ•´åˆèˆ‡åŠ å€¼é‹ç”¨ã€‚
 
 
  2.æ•¸æ“šæ‡‰ç”¨éœ€æ±‚ETLé–‹ç™¼èˆ‡ç¶­é‹ã€‚
 
 
  3.æ•¸æ“šæ‡‰ç”¨ä¹‹ç›¸é—œå°ˆæ¡ˆåˆ†æè¨­è¨ˆã€‚
 
 
  4.æ•¸æ“šä»‹æ¥ã€è³‡æ–™æ²»ç†ã€æ•¸æ“šå¸‚é›†æ‡‰ç”¨ä¹‹ç¨‹å¼é–‹ç™¼ç¶­é‹ã€‚",www.cake.me//companies/cake-recruitment-consulting/jobs/f68770
27,æ–°èˆˆ VPN å“ç‰ŒğŸ“±è³‡æ–™å¯†é›†å‹ç”¢æ¥­ x AWS/GCP é›²ç«¯åŸºç¤æ¶æ§‹ - æ•¸æ“šå·¥ç¨‹å¸«(Data Engineer) - OW,Cake Recruitment Consulting,1,Full-time,Mid-Senior level,"Taipei City, Taiwan",1M ~ 1.8M TWD / year,3 years of experience required,No management responsibility,"ã€å…¬å¸æè¿°ã€‘
æœ¬å…¬å¸ç‚ºäºæ´²æ–°èˆˆç§‘æŠ€å“ç‰Œï¼Œå°ˆæ³¨æ–¼æ‰“é€ é«˜æ•ˆç©©å®šçš„è³‡æ–™å¹³å°èˆ‡é›²ç«¯åŸºç¤æ¶æ§‹ï¼Œæ”¯æ´å¤§è¦æ¨¡æ•¸æ“šæ‡‰ç”¨èˆ‡å•†æ¥­æ±ºç­–ã€‚åœ¨æ•¸ä½è½‰å‹èˆ‡æ•¸æ“šé©…å‹•å·²æˆç‚ºç‡Ÿé‹ä¸»è»¸çš„ç•¶ä¸‹ï¼Œæˆ‘å€‘æˆç«‹å°ˆè²¬è³‡æ–™å·¥ç¨‹åœ˜éšŠï¼ŒæŠ•å…¥ä¼æ¥­ç´šè³‡æ–™åŸºç¤å»ºè¨­èˆ‡è³‡æ–™æ²»ç†æ¨é€²ã€‚
åœ˜éšŠæŠ€è¡“æ°›åœæ´»èºï¼Œé•·æœŸå¯¦ä½œæ–¼ GCPã€AWS ç­‰é›²ç«¯å¹³å°ï¼Œä¸¦å°å…¥å¦‚ Elasticsearchã€Kafkaã€Spark ç­‰å¤§æ•¸æ“šæŠ€è¡“ã€‚èª æ‘¯é‚€è«‹å°è³‡æ–™åŸºç¤è¨­æ–½èˆ‡é›²ç«¯å·¥ç¨‹æœ‰ç†±æƒ…çš„å·¥ç¨‹å¸«åŠ å…¥ï¼Œå…±åŒæå‡ä¼æ¥­åœ¨è³‡æ–™æ‡‰ç”¨ä¸Šçš„æ ¸å¿ƒç«¶çˆ­åŠ›ã€‚
ã€è·ç¼ºäº®é»ã€‘
âœ… ç®¡ç† PB ç´šåˆ¥è³‡æ–™æµèˆ‡é«˜æ•ˆèƒ½é›²ç«¯å¹³å°ï¼Œå¯¦æˆ°ç¶“é©—è±å¯Œ
âœ… æ·±åº¦åƒèˆ‡è³‡æ–™å¹³å°å»ºæ§‹ã€æ•¸æ“šæ²»ç†ã€æµç¨‹è‡ªå‹•åŒ–ç­‰é—œéµå°ˆæ¡ˆ
âœ… æŠ€è¡“å †ç–Šå®Œæ•´ï¼Œæ¶µè“‹ GCP / AWS / Elasticsearch / Spark ç­‰ä¸»æµæ¡†æ¶
âœ… è³‡æ–™å¯†é›†å‹ç”¢æ¥­ï¼Œç›´æ¥æ”¯æ´æ¥­å‹™æ±ºç­–èˆ‡ç”¢å“æ•¸æ“šéœ€æ±‚
ã€è·ä½è·è²¬ã€‘
ğŸ”¹ è¨­è¨ˆèˆ‡å»ºç½®ç©©å®šçš„å¤§æ•¸æ“šè™•ç†æµç¨‹èˆ‡è³‡æ–™ç®¡ç·šï¼Œç¢ºä¿è³‡æ–™çš„æº–ç¢ºæ€§èˆ‡å³æ™‚æ€§
ğŸ”¹ è² è²¬å¾ GCPã€AWSã€ES ç­‰å¹³å°æ“·å–åŸå§‹è³‡æ–™ï¼Œä¸¦é€é Glueã€Workflow ç­‰é€²è¡Œæ¸…æ´—èˆ‡è½‰æ›
ğŸ”¹ ç¶­è­·èˆ‡å„ªåŒ– Elasticsearch ç­‰é—œéµè³‡æ–™ç³»çµ±ï¼Œç¢ºä¿æŸ¥è©¢æ•ˆç‡èˆ‡è³‡æ–™å®Œæ•´æ€§
ğŸ”¹ æ ¹æ“šæ¥­å‹™éœ€æ±‚æ’°å¯« ETL æµç¨‹èˆ‡è³‡æ–™æ¸…æ´—é‚è¼¯ï¼Œä¸¦æŒçºŒç›£æ§è³‡æ–™å“è³ª
ğŸ”¹ æ’°å¯«èˆ‡ç¶­è­·å·¥ç¨‹æ–‡ä»¶ã€è³‡æ–™å­—å…¸ã€æµç¨‹è¨»è§£ï¼Œå¼·åŒ–åœ˜éšŠçŸ¥è­˜å…±äº«
ğŸ”¹ èˆ‡åˆ†æå¸«ã€PM èˆ‡æ¥­å‹™éƒ¨é–€å¯†åˆ‡åˆä½œï¼Œæä¾›æŠ€è¡“æ”¯æ´èˆ‡è³‡æ–™è§£é‡‹
ğŸ”¹ ç ”ç©¶ä¸¦å°å…¥æœ€æ–°æ•¸æ“šæŠ€è¡“èˆ‡å·¥å…·ï¼Œå¼·åŒ–è³‡æ–™è™•ç†æ•ˆç‡èˆ‡ç³»çµ±å½ˆæ€§
ã€è·ä½è¦æ±‚ã€‘
âœ” æ“æœ‰ 3 å¹´ä»¥ä¸Šè³‡æ–™å·¥ç¨‹ã€æ•¸æ“šåŸºç¤å»ºè¨­æˆ–é›²ç«¯é–‹ç™¼ç¶“é©—
âœ” ç†Ÿæ‚‰ Python èˆ‡ SQLï¼Œå…·å‚™è‰¯å¥½ç¨‹å¼è¨­è¨ˆèˆ‡è³‡æ–™é‚è¼¯èƒ½åŠ›
âœ” ç†Ÿæ‚‰é›²ç«¯è³‡æ–™è™•ç†å¹³å°ï¼Œå¦‚ AWS Athenaã€Glueã€GCP BigQuery ç­‰
âœ” å…·å‚™ Elasticsearch æ“ä½œèˆ‡å…¥åº«æµç¨‹å¯¦å‹™ç¶“é©—è€…å°¤ä½³
âœ” ç†Ÿæ‚‰è³‡æ–™æ²»ç†ã€è³‡æ–™å“è³ªæ§ç®¡ã€è³‡æ–™å­—å…¸ç¶­é‹è€…å„ªå…ˆè€ƒæ…®
âœ” ç†Ÿæ‚‰æ•¸æ“šæ¶æ§‹èˆ‡è³‡æ–™æµç¨‹è¨­è¨ˆï¼Œå…·ç¨ç«‹è¦åŠƒèˆ‡ç¶­é‹èƒ½åŠ›
âœ” å…·å‚™è‰¯å¥½è·¨éƒ¨é–€æºé€šèƒ½åŠ›èˆ‡æ–‡ä»¶æ’°å¯«èƒ½åŠ›
âœ” æ“æœ‰è·¨åœ˜éšŠæ•¸æ“šå°ˆæ¡ˆåƒèˆ‡ç¶“é©—è€…ï¼Œå°‡æœ‰åŠ©æ–¼å¿«é€Ÿä¸Šæ‰‹æœ¬è·å‹™----------------------------------------------------------------------
è‹¥æ‚¨å°æ­¤è·ä½æ„Ÿèˆˆè¶£ï¼Œè«‹ç«‹å³è¯ç¹«ï¼Œè®“æˆ‘ç‚ºæ‚¨ä»‹ç´¹æ›´å¤šè©³ç´°è³‡è¨Šï¼
â–¶ï¸ è¯ç¹«äººï¼šæ‹›å‹Ÿé¡§å• Owen Wuâ–¶ï¸ LINEï¼š https://line.me/ti/p/ICjS8Jx0Dqâ–¶ï¸ LinkedInï¼š https://www.linkedin.com/in/owen-wu-1023a41a4/",www.cake.me//companies/cake-recruitment-consulting/jobs/ae64ce
28,çŸ¥åé‡‘æ§æ•¸ä½è½‰å‹ - æµ·å¤–å¸‚å ´/è·¨åœ‹åœ˜éšŠ- è³‡æ·±è³‡æ–™ç§‘å­¸å·¥ç¨‹å¸« /æ•¸æ“šå·¥ç¨‹å¸« Data Engineer - TL,Cake Recruitment Consulting,1,Full-time,Mid-Senior level,"Xinyi District, Taipei City, Taiwan",1M ~ 1.6M TWD / year,5 years of experience required,No management responsibility,"æˆ‘å€‘çš„å®¢æˆ¶æ˜¯ä¸€å®¶é ˜å…ˆçš„é‡‘èç§‘æŠ€å…¬å¸ï¼Œè‡´åŠ›æ–¼é€šéæ•¸ä½ã€æ•¸æ“šå’ŒæŠ€è¡“æ¨å‹•æ•´é«”è½‰å‹ã€‚å…¬å¸æ­£åœ¨ç©æ¥µæ‰“é€ æ•¸æ“šé©…å‹•æ–‡åŒ–ï¼Œä»¥æˆç‚ºæä¾›å“è¶Šé‡‘èæœå‹™çš„ç§‘æŠ€å…¬å¸ç‚ºç›®æ¨™ã€‚å…¬å¸ç’°å¢ƒé–‹æ”¾å‰µæ–°ï¼Œé¼“å‹µå“¡å·¥ç™¼æ®å‰µé€ åŠ›ï¼Œå¯¦ç¾è·æ¥­ç†æƒ³ã€‚JD:å”åŠ©ä¸»å°å¤§æ•¸æ“šç”Ÿæ…‹åœˆè³‡æ–™å¸‚é›†èˆ‡æ‡‰ç”¨å»ºç½®ï¼Œç®¡ç†è³‡æ–™æµä¸Šä¸‹æ¸¸å”åŒä½œæ¥­ï¼Œåˆ¶å®šè³‡æ–™æ²»ç†æ”¿ç­–ï¼ŒåŒ…å«ä½†ä¸é™æ–¼ä»¥ä¸‹ï¼š
1.åˆ†æå‹è³‡æ–™å¸‚é›†ã€APIæ•¸æ“šä¸­å°ã€ç®¡ç†å¹³å°è¨­è¨ˆã€é–‹ç™¼èˆ‡ç¶­é‹ã€‚
2.å»ºç«‹å·¥ç¨‹é–‹ç™¼æµç¨‹èˆ‡æ¨¡å¼ã€ç³»çµ±æ–‡ä»¶è¦åŠƒã€æ’°å¯«ã€‚
3.çµæ§‹åŒ–åŠéçµæ§‹åŒ–è³‡æ–™è™•ç†èˆ‡æ•´åˆã€‚
4.ç”¨è³‡æ–™å°å‘æ¦‚å¿µæå‡å„é¡æ¥­å‹™ï¼Œä¸¦å°å…¥ç³»çµ±ä»¥åŠ å¼·å„é …è³‡æ–™æ‡‰ç”¨ã€‚
5.å»ºç«‹è³‡æ–™æ²»ç†è¦å‰‡ï¼Œç¢ºä¿è³‡æ–™å“è³ªã€‚",www.cake.me//companies/cake-recruitment-consulting/jobs/92448b
29,"ã€æ•¸ä½é©…å‹•ã€‘AIæŠ€è¡“/æ‡‰ç”¨è¦åŠƒåˆ†æå¸«(æ•¸æ•¸ç™¼ä¸­å¿ƒ, DDT)",Cathay United Bank åœ‹æ³°ä¸–è¯å•†æ¥­éŠ€è¡Œ,5,Full-time,Mid-Senior level,"Taipei City, Taiwan",Negotiable,No requirement for relevant working experience,No management responsibility,å·¥ä½œå…§å®¹:æ‹“å±•æ•¸æ“šç§‘å­¸æ‡‰ç”¨ï¼ŒæŒæ¡å‰µæ–°AIæŠ€è¡“è¶¨å‹¢ï¼Œä¸¦é€²è¡ŒAIæ‡‰ç”¨è¦åŠƒã€æ¨¡å‹è½åœ°èˆ‡æ·±åŒ–ï¼š1.æŒæ¡å¸‚å ´AIæŠ€è¡“èˆ‡æ‡‰ç”¨ç™¼å±•è¶¨å‹¢ï¼Œè¦åŠƒAIæŠ€è¡“æˆ–æ‡‰ç”¨ç™¼å±•è—åœ–2.æ¨å‹•AIæŠ€è¡“ç”¢å“ç™¼å±•ï¼šé‡å°å…±é€šæ€§æ¥­å‹™å ´æ™¯è¦åŠƒæŠ€è¡“è§£æ±ºæ–¹æ¡ˆï¼ŒåŠ é€Ÿè§£æ±ºæ¥­å‹™ç—›é»ã€‚3.æŒæ¡ä¸¦èƒ½æ‡‰å°å…§å¤–éƒ¨AIç›£ç®¡è¶¨å‹¢ï¼Œæ¨å‹•å¯ä¿¡ä»»AIå¯¦è¸4.æŒæ¡éƒ¨é–€AIæœå‹™ä¹‹ç™¼å±•ç‹€æ³ã€ç‡Ÿé‹ç‹€æ³ã€ç›£æ§åˆè¦ç‹€æ…‹ç­‰ï¼Œä¸¦æ¨å‹•å…¨è¡ŒAIæŠ€è¡“è½åœ°æ‡‰ç”¨5.èˆ‡å¤šåŠŸèƒ½åœ˜éšŠï¼ˆä¾‹å¦‚å•†æ¥­åˆ†æå¸«ã€è³‡æ–™ç§‘å­¸å®¶ã€AI/MLå·¥ç¨‹å¸«ã€è³‡æ–™å·¥ç¨‹å¸«ã€AIè»Ÿé«”å·¥ç¨‹å¸«â€¦ç­‰ï¼‰åˆä½œï¼Œç¢ºä¿æŠ€è¡“å¯è¡Œæ€§ã€‚,www.cake.me//companies/cathay-united-bank/jobs/d1bb9d
30,"ã€æ•¸ä½é©…å‹•ã€‘AIæ•¸æ“šç³»çµ±åˆ†æå¸«(æ•¸æ•¸ç™¼ä¸­å¿ƒ, DDT)",Cathay United Bank åœ‹æ³°ä¸–è¯å•†æ¥­éŠ€è¡Œ,5,Full-time,Entry level,"Xinyi District, Taipei City, Taiwan",Negotiable,No requirement for relevant working experience,No management responsibility,å·¥ä½œå…§å®¹:è² è²¬AIèˆ‡å¤§æ•¸æ“šæœå‹™æ‡‰ç”¨ç³»çµ±ä¹‹éœ€æ±‚è¦åŠƒèˆ‡åŠŸèƒ½åˆ†æã€‚1.æŒæ¡å¸‚å ´AIèˆ‡å¤§æ•¸æ“šæŠ€è¡“ç™¼å±•è¶¨å‹¢ï¼Œè¦åŠƒAIèˆ‡å¤§æ•¸æ“šæœå‹™æ‡‰ç”¨ç³»çµ±åŠŸèƒ½ã€‚2.èˆ‡æ¥­å‹™åŠé–‹ç™¼åœ˜éšŠå…±åŒåˆ†æéœ€æ±‚ï¼Œå°å…¥AIèˆ‡å¤§æ•¸æ“šæ‡‰ç”¨è§£æ±ºæ–¹æ¡ˆï¼Œæ»¿è¶³å ´æ™¯éœ€æ±‚ã€‚3.è¨­è¨ˆåŠæ’°å¯«ç³»çµ±è¦æ ¼æ–‡ä»¶ï¼ŒåŒ…å«AIèˆ‡å¤§æ•¸æ“šæ¨¡å‹é‹ä½œåŠè·¨ç³»çµ±è³‡æ–™æ•´åˆã€‚4.ä¿æŒå°Dataã€AI/MLæ–°æŠ€è¡“çš„æ•æ„Ÿåº¦ï¼Œä¸¦æ‡‰ç”¨æ–¼è§£æ±ºå•é¡ŒåŠé©…å‹•AIèˆ‡å¤§æ•¸æ“šæœå‹™å‰µæ–°ã€‚5.èˆ‡å¤šåŠŸèƒ½åœ˜éšŠï¼ˆä¾‹å¦‚è³‡æ–™ç§‘å­¸å®¶ã€AI/MLå·¥ç¨‹å¸«ã€è³‡æ–™å·¥ç¨‹å¸«ã€AIè»Ÿé«”å·¥ç¨‹å¸«â€¦ç­‰ï¼‰åˆä½œï¼Œç¢ºä¿æŠ€è¡“å¯è¡Œæ€§ã€‚,www.cake.me//companies/cathay-united-bank/jobs/baa91f
31,I107 è³‡æ–™åˆ†æ/æ•¸æ“šå·¥ç¨‹å¸«(å¯é ç«¯å·¥ä½œ),å°ç£å¤§å“¥å¤§,1,Full-time,Entry level,"Daan District, Taipei City, Taiwan",36K ~ 60K TWD / month,No requirement for relevant working experience,No management responsibility,"è½éé»‘ç›’å­ã€æ¼”ç®—æ³•ã€æ©Ÿå™¨å­¸ç¿’ã€Alphagoå—?é€™äº›è®“æˆ‘å€‘è¯æƒ³åˆ°AIçš„ä»£åè©æ˜¯å¦è®“ä½ èºèºæ¬²è©¦ï¼Ÿ""AI""æ‰€ç¶»æ”¾çš„é­”åŠ›å¸å¼•äº†çœ¾å¤šäººè¶¨ä¹‹è‹¥é¶©ï¼Œè³‡æ–™ç§‘å­¸é ˜åŸŸç„¡é™å¯›å»£ï¼Œæ˜¯å¦æƒ³æ‰¾å€‹èƒ½ä¸€å±•èº«æ‰‹çš„æ©Ÿæœƒï¼Ÿæ˜¯å¦æƒ³è¦å­¸ç¿’å„ç¨®ç¨‹å¼èªè¨€SQLã€Pythonã€Rã€SPARKã€Javaã€HTMLã€C#...ç­‰æŠ€è¡“ï¼Œä¸¦ä¸”å°‡å„é …æŠ€è¡“çµåˆåœ¨ä¸€èµ·å¯¦ç¾ç‚ºç”¢å“çš„æŠ±è² ï¼Ÿé€™è£¡æœ‰ä¸€å€‹ç¬¦åˆæ‰€æœ‰éœ€æ±‚çš„æ©Ÿæœƒï¼Œå°±ç­‰æ‚¨ä¾†å±•ç¾ï¼ 

ã€ç‚ºä»€éº¼è¦åŠ å…¥å°ç£å¤§å“¥å¤§ IT æ”»åŸç²¾è‹±åœ˜éšŠã€‘
1. æˆ‘å€‘æœ‰å¤§å…¬å¸çš„ç©©å®šç¦åˆ©ï¼Œä¹Ÿæœ‰æ–°å‰µå…¬å¸èˆ¬çš„å·¥ä½œæŒ‘æˆ°
2. æˆ‘å€‘è‡´åŠ›æ‰“é€ ä¸€èµ·å­¸ç¿’ã€æ­£å‘é¼“å‹µå›é¥‹çš„å·¥ä½œæ°›åœèˆ‡ç’°å¢ƒ
3. æˆ‘å€‘æœ‰é«”è²¼çš„å¸¸è¦å±…å®¶ä¸Šç­åˆ¶åº¦
4. æˆ‘å€‘å·²ä¸æ˜¯å‚³çµ±çš„é›»ä¿¡å…¬å¸ï¼Œé£›è¼ªå·²é–‹å§‹é«˜é€Ÿé‹è½‰ï¼Œæ­£åŠ é€Ÿå¾€å€åŸŸç´šç§‘æŠ€é›»ä¿¡é›†åœ˜ç›®æ¨™å¤§æ­¥é‚é€²
5. æˆ‘å€‘èƒ½è®“ä½ å¾ã€Œæ”»åŸå¸«ã€å‡ç´šç‚ºã€Œæ”»åŸç²¾è‹±ã€ï¼Œé€™è£¡çµ•å°æ˜¯å€‹è®“ä½ å¯ä»¥å‡ç´šæ­¦å™¨ã€åˆ‡ç£‹æŠ€èƒ½ã€æ¿€ç™¼æ½›èƒ½çš„é›£å¾—æ©Ÿæœƒ
6. æˆ‘å€‘é‚„æœ‰ä¸€ä½è·¨é ˜åŸŸèº«ç¶“ç™¾æˆ°ã€å…¼å…·æ„Ÿæ€§èˆ‡çŸ¥æ€§ã€ç†±æ„›åˆ†äº«ï¼Œæ¯é€±éƒ½è«‹å–å’–å•¡çš„è¶…å¼· CIO éšŠé•·ï¼

ã€å·¥ä½œå…§å®¹ã€‘
1. åƒèˆ‡è³‡æ–™å€‰å„²ç›¸é—œä¹‹ç³»çµ±çš„éœ€æ±‚è¨ªè«‡/æ¶æ§‹è¦åŠƒ/é–‹ç™¼/ç¶­é‹ã€‚
2. åƒèˆ‡ä¸¦åŸ·è¡Œå°ˆæ¡ˆï¼Œä¸»å‹•ç©æ¥µå¾å„ç¨®è§’åº¦æ€è€ƒï¼Œæå‡ºå„ç¨®å¯è¡Œçš„æ–¹æ¡ˆ

A. è³‡æ–™å·¥ç¨‹ï¼š
 â– è² è²¬è³‡æ–™æ“·å–åŠè™•ç†ä¹‹ETLé–‹ç™¼åŠç¶­é‹
 â– è² è²¬é€šè·¯å ±è¡¨ç³»çµ±å„ªåŒ–
 â– é€šè·¯æ¥­ç¸¾æ—¥æœˆå ±ç›¸é—œéœ€æ±‚é–‹ç™¼èˆ‡ç¶­é‹
 â– é›²ç«¯é€šè·¯å³æ™‚æˆ°å ±ç›¸é—œéœ€æ±‚é–‹ç™¼èˆ‡ç¶­é‹

B. è³‡æ–™åˆ†æï¼š
 â– è² è²¬æ•¸æ“šè³‡å®‰ç”¢å“é–‹ç™¼
 â– è² è²¬ç”¢å“å„ªåŒ–èˆ‡ç¶­é‹
 â– ä½¿ç”¨æ©Ÿå™¨å­¸ç¿’/çµ±è¨ˆåˆ†æ/æ·±åº¦å­¸ç¿’ç­‰è³‡æ–™åˆ†ææ–°æŠ€è¡“
 â– ç™¼å±•é›²ç«¯æ•¸æ“šåˆ†ææŠ€è¡“èˆ‡å•†æ¥­æ™ºæ…§æ‡‰ç”¨ç³»çµ±é–‹ç™¼

C. å¤§æ•¸æ“šï¼š
 â– å¤§æ•¸æ“šåˆ†æç¶“é©—
 â– ç¶²è·¯çˆ¬èŸ²
 â– ç›œå½ç¶²ç«™åµæ¸¬..ç­‰ML/DLå»ºæ¨¡
 â– è³‡å®‰ç”¢å“é–‹ç™¼è¨­è¨ˆæ ¹æ“šå…§å¤–éƒ¨æ¥­å‹™éœ€æ±‚ï¼Œæä¾›éœ€æ±‚ç›¸é—œçš„æŠ€è¡“è¦åŠƒåšæ³•ã€èˆ‡åˆ†ææ´å¯Ÿ

*HRæ–¼æ”¶åˆ°å±¥æ­·å¾Œå°‡å”åŠ©åª’åˆåˆé©è·ç¼º

ã€æˆ‘å€‘å–œæ­¡ä»€éº¼æ¨£çš„äººã€‘
1. å…·å‚™åœ˜éšŠåˆä½œç²¾ç¥
2. è‰¯å¥½çš„æºé€šåŠè¡¨é”èƒ½åŠ›
3. ç©æ¥µé€²å–çš„å·¥ä½œæ…‹åº¦
4. å°æ–°èˆˆæŠ€è¡“å±•ç¾å­¸ç¿’èƒ½åŠ›

æ­¡è¿æ‰€æœ‰æ±‚è·è€…ï¼Œèˆ‡æ‡‰å±†ç•¢æ¥­ç”Ÿï¼Œçµ¦æˆ‘å€‘ä¸€å€‹èªè­˜ä½ çš„æ©Ÿæœƒï¼Œä¹Ÿçµ¦è‡ªå·±ä¸€å€‹ä¸ç•™éºæ†¾çš„å˜—è©¦ï¼Œè®“æˆ‘å€‘é–‹å‰µæœªä¾†ã€‚

ã€å¿…å‚™æŠ€èƒ½ã€‘

A. è³‡æ–™å·¥ç¨‹/è³‡æ–™åˆ†æï¼š
 â– ç†Ÿæ‚‰è³‡æ–™åˆ†æç¨‹å¼é–‹ç™¼èˆ‡SQLç¨‹å¼å¾Œç«¯é–‹ç™¼æŠ€èƒ½
 â– NoSQL é–‹ç™¼ç¶“é©—
 â– Oracle æˆ– SQL Server..ç­‰è³‡æ–™åº«é–‹ç™¼ç¶“é©—
 â– C# æˆ–Javaæˆ–Ræˆ–Pythoné–‹ç™¼ç¶“é©—
 â– ç†Ÿæ‚‰SAP BOEæˆ–Power BIæˆ–Tableau..ç­‰è¦–è¦ºåŒ–åˆ†æå·¥å…·å°¤ä½³

B. å¤§æ•¸æ“šï¼š 
 â– ç²¾é€šPythonæˆ–Javaç¨‹å¼é–‹ç™¼
 â– å…·AI æˆ– ML æˆ– DLå¯¦å‹™ç¶“é©—
 â– ç†Ÿæ‚‰è³‡æ–™åˆ†æç¨‹å¼é–‹ç™¼èˆ‡SQLç¨‹å¼å¾Œç«¯é–‹ç™¼æŠ€èƒ½
â€ƒ

ã€è–ªè³‡å¾…é‡ã€‘ï¼šæœˆè–ª36,000å…ƒ-60,000å…ƒï¼Œä¾ç¸¾æ•ˆå¦æœ‰è±åšå¹´çµ‚çé‡‘èˆ‡å“¡å·¥ç´…åˆ©ã€‚",www.cake.me//companies/taiwan-mobile/jobs/i107-data-analyst-data-engineer-can-work-remotely
32,æ—¥å•†é‡‘èä¼æ¥­ğŸ’°è³‡æ–™åº«è™•ç† x ETL é–‹ç™¼ - è²¡å‹™è»Ÿé«”ç³»çµ±å·¥ç¨‹å¸« - OW,Cake Recruitment Consulting,1,Full-time,Mid-Senior level,"Taipei City, Taiwan",800K ~ 1.3M TWD / year,5 years of experience required,No management responsibility,"ã€å…¬å¸æè¿°ã€‘
æˆ‘å€‘æ˜¯ä¸€å®¶å°ˆæ³¨æ–¼ä¼æ¥­æ•¸ä½åŒ–è½‰å‹çš„çŸ¥åä¼æ¥­ï¼Œè‡´åŠ›æ–¼é‹ç”¨ç§‘æŠ€æå‡è²¡å‹™èˆ‡ç‡Ÿé‹æ•ˆç‡ã€‚
ç›®å‰ï¼Œæˆ‘å€‘æ­£åœ¨å°‹æ‰¾ EBS è²¡å‹™ç³»çµ±å·¥ç¨‹å¸«ï¼Œè² è²¬ä¼æ¥­è²¡å‹™ç³»çµ±çš„ç¶­é‹ã€é–‹ç™¼èˆ‡æµç¨‹å„ªåŒ–ï¼Œç¢ºä¿è²¡å‹™ç®¡ç†æ•¸æ“šçš„æº–ç¢ºæ€§èˆ‡é«˜æ•ˆé‹ä½œã€‚
ã€è·ä½äº®é»ã€‘
âœ… æ·±å…¥åƒèˆ‡ä¼æ¥­æ ¸å¿ƒè²¡å‹™ç³»çµ±ï¼Œç™¼æ®ä½ çš„æŠ€è¡“å°ˆé•·
âœ… ç©©å®šç™¼å±•æ©Ÿæœƒï¼Œèˆ‡å°ˆæ¥­åœ˜éšŠåˆä½œï¼Œåƒèˆ‡å¤§å‹ç³»çµ±å„ªåŒ–å°ˆæ¡ˆ
âœ… å…·æŒ‘æˆ°æ€§çš„æŠ€è¡“ç’°å¢ƒï¼Œæ¶µè“‹ EBSã€ETLã€PL/SQL ç­‰æŠ€è¡“é ˜åŸŸ
ã€è·ä½è·è²¬ã€‘
ğŸ”¹ Oracle EBS è²¡å‹™ç³»çµ±ç¶­é‹ï¼šè² è²¬ä¼æ¥­ EBS è²¡æœƒç³»çµ±çš„ç¶­è­·èˆ‡å„ªåŒ–ï¼Œç¢ºä¿ç³»çµ±ç©©å®šé‹è¡Œ
ğŸ”¹ ç³»çµ±é–‹ç™¼èˆ‡ç”¨æˆ¶éœ€æ±‚è§£æ±ºï¼šä»¥ Form èˆ‡ Report ç‚ºä¸»ï¼Œé–‹ç™¼æ–°åŠŸèƒ½ä¸¦æä¾›æŠ€è¡“æ”¯æ´
ğŸ”¹ è·¨éƒ¨é–€éœ€æ±‚åˆ†æèˆ‡æµç¨‹å„ªåŒ–ï¼šèˆ‡è²¡å‹™ã€ç‡Ÿé‹ç­‰éƒ¨é–€æºé€šéœ€æ±‚ï¼Œæå‡ç³»çµ±æ•ˆèƒ½èˆ‡ä½¿ç”¨é«”é©—
ğŸ”¹ æ•¸æ“šæ¶æ§‹èˆ‡å°ˆæ¡ˆåƒèˆ‡ï¼šå”åŠ©æ–°å°ˆæ¡ˆçš„æ•¸æ“šè¦åŠƒã€åˆ†æèˆ‡å¯¦æ–½ï¼Œç¢ºä¿æ•¸æ“šæµæš¢èˆ‡æº–ç¢º
ã€è·ä½è¦æ±‚ã€‘
âœ” PL/SQL é–‹ç™¼ç¶“é©—ï¼šè‡³å°‘ 4-5 å¹´ PL/SQL é–‹ç™¼ ç¶“é©—ï¼Œç†Ÿç·´è™•ç†æ•¸æ“šæŸ¥è©¢èˆ‡å„ªåŒ–
âœ” Oracle EBS ç³»çµ±ç¶“é©—ï¼šç†Ÿæ‚‰ EBS è²¡æœƒç³»çµ±çš„ è³‡æ–™åº«çµæ§‹èˆ‡åŠŸèƒ½ï¼Œèƒ½å¤ ç¨ç«‹é€²è¡Œé–‹ç™¼èˆ‡ç¶­è­·
âœ” æ•¸æ“šæ•´åˆèˆ‡è¦åŠƒèƒ½åŠ›ï¼šå…·å‚™ ETLã€è³‡æ–™è½‰æ›æµç¨‹ã€å·¥ä½œæ’ç¨‹è¨­è¨ˆèˆ‡æ•ˆèƒ½èª¿æ ¡ ç¶“é©—è€…ä½³
âœ” æºé€šèˆ‡å”ä½œèƒ½åŠ›ï¼šæ“…é•·è·¨éƒ¨é–€æºé€šï¼Œèƒ½å¤ åˆ†ææ¥­å‹™éœ€æ±‚ä¸¦æä¾›é©åˆ‡çš„æŠ€è¡“è§£æ±ºæ–¹æ¡ˆ----------------------------------------------------------------------
è‹¥æ‚¨å°æ­¤è·ä½æ„Ÿèˆˆè¶£ï¼Œè«‹ç«‹å³è¯ç¹«ï¼Œè®“æˆ‘ç‚ºæ‚¨ä»‹ç´¹æ›´å¤šè©³ç´°è³‡è¨Šï¼
â–¶ï¸ è¯ç¹«äººï¼šæ‹›å‹Ÿé¡§å• Owen Wuâ–¶ï¸ LINEï¼š https://line.me/ti/p/ICjS8Jx0Dqâ–¶ï¸ LinkedInï¼š https://www.linkedin.com/in/owen-wu-1023a41a4/",www.cake.me//companies/cake-recruitment-consulting/jobs/ef7d98
33,è³‡æ·± AI å·¥ç¨‹å¸«ï¼ˆSenior AI Engineer ï¼‰_é ç«¯å·¥ä½œ,awooé˜¿ç‰©ç§‘æŠ€è‚¡ä»½æœ‰é™å…¬å¸,1,Full-time,Mid-Senior level,Taiwan,Negotiable,3 years of experience required,No management responsibility,"å°ç£ MarTech é ˜å°å“ç‰Œ awoo çµåˆ AI äººå·¥æ™ºæ…§ï¼Œæ˜¯å°ç£æˆé•·æœ€å¿«é€Ÿçš„ SaaSï¼ˆSoftware as a Serviceï¼‰MarTech Solutionã€‚2017å¹´ç²å¾—ç¨®å­è¼ªèè³‡ï¼Œ2020å¹´å®Œæˆ A è¼ªå‹Ÿè³‡ï¼Œç²å¾—Netscapeå…±åŒå‰µè¾¦äººæ²™æ­£æ²» ã€Fintechç¨è§’ç¸Ellie Maeå…±åŒå‰µè¾¦äººLimin Huç­‰å¤šä½çŸ½è°·è»Ÿé«”ä¼æ¥­å®¶æŠ•è³‡ï¼Œæ˜¯å°ç£æ¥µå°‘æ•¸ç²å¾—çŸ½è°·è³‡æºæŒ¹æ³¨çš„æ–°å‰µåœ˜éšŠã€‚æœªä¾†æˆ‘å€‘å°‡ç©æ¥µå‰é€²å…¨çƒï¼Œé‡æ–°æç¹ªæµ·å³¶å°åœ‹ä»¥è»Ÿé«”èˆªå‘ä¸–ç•Œçš„æ–°è·¯ç·šã€‚


Major Duties and Responsibilitiesï¼š
ç”¢å“è½åœ°èˆ‡å”ä½œï¼šè² è²¬é–‹ç™¼å’Œå„ªåŒ– AI ç”¢å“èˆ‡æœå‹™ï¼Œå¾ PoC åˆ°ç”¢å“åŒ–ï¼Œè·¨éƒ¨é–€åˆä½œæå‡ºå‰µæ–°è§£æ±ºæ–¹æ¡ˆï¼Œæ¨å‹• AI ç”¢å“è½åœ°ã€‚æ•ˆèƒ½å„ªåŒ–ï¼šç¶­é‹ç¾æœ‰ç³»çµ±ï¼Œåˆ†æä¸¦è§£æ±ºæœå‹™å’Œç®—æ³•çš„æ•ˆèƒ½ç“¶é ¸ã€‚ML/Data Pipelineï¼šè¨­è¨ˆèˆ‡å»ºç«‹å¯æ“´å±•çš„ Pipeline è‡ªå‹•åŒ–æµç¨‹ï¼Œæå‡é–‹ç™¼å’Œéƒ¨ç½²æ•ˆç‡ã€‚
Qualificationsï¼š
å…·å‚™ 5 å¹´ä»¥ä¸Šè»Ÿé«”é–‹ç™¼ç¶“é©—ï¼Œ3 å¹´ä»¥ä¸Š AI ç”¢å“ç ”ç™¼ç¶“é©—ã€‚ç†Ÿæ‚‰è‡ªç„¶èªè¨€è™•ç†ï¼ˆNLPï¼‰ã€ç”Ÿæˆå¼ AI ç›¸é—œæŠ€è¡“ï¼ˆLLM, RAG, Prompt/Context Engineeringï¼‰ï¼Œä½¿ç”¨é–‹æºå¥—ä»¶æˆ–è‡ªè¡Œé–‹ç™¼ç®—æ³•ï¼ˆTransformers, LangChain, LangGraph, DSPy, TensorFlow, PyTorch, Scikit-Learnï¼‰ã€‚å…·å‚™æ¨¡å‹çš„é–‹ç™¼ã€è¨“ç·´ã€éƒ¨ç½²ã€å„ªåŒ–çš„å®Œæ•´å¯¦å‹™ç¶“é©—ã€‚å…·å‚™ä½¿ç”¨ Container å’Œ Kubernetes çš„é–‹ç™¼èˆ‡éƒ¨ç½²ç¶“é©—ã€‚ç†Ÿæ‚‰å‘é‡è³‡æ–™åº«èˆ‡ Embedding æ¨¡å‹ï¼Œç¢ºä¿ç³»çµ±æ•ˆèƒ½èˆ‡å¯æ“´å……æ€§ã€‚ç†Ÿæ‚‰åˆ†æ•£å¼è¨ˆç®—èˆ‡æŸ¥è©¢å¼•æ“ï¼ˆå¦‚ Sparkã€Trinoã€Clickhouseï¼‰ï¼Œå…·æœ‰è™•ç†å¤§é‡è³‡æ–™è™•ç†é–‹ç™¼èˆ‡ç¶­é‹ç¶“é©—ã€‚ç†Ÿç·´ Git, Linux, Python, Docker, SQLï¼Œèƒ½ä»¥ FastAPI é–‹ç™¼é«˜æ•ˆæœå‹™ã€‚
Nice-to-Haveï¼š
é›²å¹³å°ç¶“é©—ï¼Œå¦‚ GCP, AWS, Azureã€‚å…·æœ‰ LLM/SLM Finetuning å¯¦å‹™ç¶“é©—ã€‚MLOps/LLMOps å°ˆæ¡ˆç¶“é©—ï¼Œä»¥é‡åŒ–æŒ‡æ¨™ä¾†è¡¡é‡æ¨¡å‹å’Œç”¢å“çš„æˆæ•ˆã€‚è¦åŠƒèˆ‡å¯¦ä½œ CI/CD è‡ªå‹•åŒ–æµç¨‹ã€‚å…·å‚™æ¨è–¦ã€æœå°‹æˆ–è²¼æ¨™ç³»çµ±çš„ç”¢å“åŒ–ç¶“é©—
æ“…â»‘å·¥å…·ï¼ˆJD æ¨™ç±¤ï¼‰
ç¨‹å¼èˆ‡é–‹ç™¼ï¼šPython, Git, Linux, SQL, FastAPIGenAIï¼šRAG, Prompt Engineering, Context Engineering, Agentè³‡æ–™èˆ‡é‹ç®—ï¼šAirflow, Spark, Trino, Vector Database, Qdrantå¹³å°èˆ‡éƒ¨ç½²ï¼šDocker, Kubernetes, Cloud, GCP, AWS, Azure",www.cake.me//companies/awoo/jobs/senior-ai-engineer-de8
34,å°ç£é‡‘èå·¨é ­ğŸ¦é«˜åº¦å¯¦ä½œ & å‰µæ–°ï¼Œè³‡æ–™ç”¢å“ç ”ç™¼è§’è‰² - æ•¸æ“šå·¥ç¨‹å¸« - OW,Cake Recruitment Consulting,1,Full-time,Mid-Senior level,"Taipei City, Taiwan",1M ~ 1.5M TWD / year,2 years of experience required,No management responsibility,"ã€å…¬å¸æè¿°ã€‘
æœ¬å…¬å¸ç‚ºäºæ´²å€é ˜å…ˆçš„æ•¸ä½åŒ–é‡‘èæ©Ÿæ§‹ä¹‹ä¸€ï¼ŒæŒçºŒæ·±è€•æ•¸æ“šç§‘æŠ€å‰µæ–°ï¼Œè‡´åŠ›æ‰“é€ ä»¥æ•¸æ“šé©…å‹•çš„æ™ºæ…§é‡‘èæœå‹™ã€‚ç¾æ­£ç©æ¥µå°‹æ‰¾æ“æœ‰è³‡æ–™å·¥ç¨‹ç†±æƒ…èˆ‡æŠ€è¡“åŠ›çš„å°ˆæ¥­äººæ‰ï¼ŒåŠ å…¥å…§éƒ¨ AI/ML åœ˜éšŠï¼Œå…±åŒæ‰“é€ å…·æœ‰å•†æ¥­åƒ¹å€¼çš„æ•¸æ“šå¹³å°èˆ‡æ‡‰ç”¨ã€‚
ã€è·ç¼ºäº®é»ã€‘
âœ… éŠœæ¥æ¥­å‹™èˆ‡ IT åœ˜éšŠï¼Œå¯¦ä½œç«¯åˆ°ç«¯çš„æ•¸æ“šç”¢å“
âœ… æ·±åº¦åƒèˆ‡ MLOps ç³»çµ±å»ºè¨­ï¼Œæ¨å‹• AI æ¨¡å‹éƒ¨ç½²èˆ‡è‡ªå‹•åŒ–è¿­ä»£
âœ… ä¼æ¥­å…§éƒ¨è³‡æ–™ç”¢å“ç ”ç™¼è§’è‰²ï¼Œå…·æœ‰é«˜åº¦å¯¦ä½œèˆ‡å‰µæ–°ç©ºé–“
âœ… ç©©å®šå¤§å‹ä¼æ¥­é«”åˆ¶ï¼‹éˆæ´»æ•æ·é–‹ç™¼åœ˜éšŠæ–‡åŒ–
ã€è·ä½è·è²¬ã€‘
ğŸ”¹ èˆ‡ IT åœ˜éšŠå”ä½œè¨­è¨ˆèˆ‡å„ªåŒ–æ•¸æ“šæ¡é›†æµç¨‹ï¼Œå»ºç«‹å¯ä¾›æ¨¡å‹é‹ä½œçš„ç‰¹å¾µè³‡æ–™åº«
ğŸ”¹ é‡å°æ¥­å‹™éœ€æ±‚é€²è¡Œè³‡æ–™å‰è™•ç†èˆ‡ç‰¹å¾µå·¥ç¨‹ï¼Œæå‡æ¨¡å‹é‹ç®—æ•ˆèƒ½èˆ‡æº–ç¢ºåº¦
ğŸ”¹ è² è²¬å»ºç½®ä¸¦ç¶­è­·è³‡æ–™ç®¡ç·š (Data Pipeline)ï¼Œå¯¦ç¾æ•¸æ“šæ¸…æ´—ã€è½‰æ›ã€è‡ªå‹•åŒ–æµç¨‹
ğŸ”¹ æ¨å‹• MLOps æ¶æ§‹èˆ‡æ¨¡å‹è‡ªå‹•ä½ˆç½² (Auto-Retrain)ï¼Œæå‡è³‡æ–™ç”¢å“è¿­ä»£é€Ÿåº¦
ğŸ”¹ èˆ‡æ¥­å‹™ã€æ•¸æ“šç§‘å­¸åœ˜éšŠåˆä½œç ”ç™¼è³‡æ–™ç”¢å“ä¸¦è½åœ°æœå‹™åŒ–
ğŸ”¹ å”åŠ©ç°¡å ±èˆ‡èªªæ˜æ¨¡å‹æ¶æ§‹ã€æ•ˆèƒ½ï¼Œæ”¯æŒå…§éƒ¨å–®ä½çš„æºé€šèˆ‡æ±ºç­–
ã€è·ä½è¦æ±‚ã€‘
âœ” è‡³å°‘ 2 å¹´ä»¥ä¸Šè³‡æ–™è™•ç†èˆ‡å·¥ç¨‹ç¶“é©—ï¼Œå…·æ•¸æ“šç”¢å“é–‹ç™¼å¯¦å‹™ä½³
âœ” ç†Ÿæ‚‰ Pythonã€SQL èˆ‡ PySparkï¼Œç†Ÿæ‚‰è³‡æ–™çµæ§‹èˆ‡æ¼”ç®—æ³•åŸç†
âœ” å…·å‚™è³‡æ–™ç®¡ç·šè¦åŠƒã€å»ºç½®èˆ‡ç¶­é‹èƒ½åŠ›
âœ” å°æ•¸æ“šåˆ†æèˆ‡æ‡‰ç”¨ä¿æŒç†±æƒ…ï¼Œå…·å‚™ç¨ç«‹è§£æ±ºå•é¡Œèˆ‡è·¨éƒ¨é–€æºé€šèƒ½åŠ›
âœ” å…·å‚™é‚è¼¯æ¸…æ™°çš„ç°¡å ±èƒ½åŠ›èˆ‡æŠ€è¡“è¡¨é”èƒ½åŠ›
âœ” è‹¥ç‚ºè³‡æ·±å·¥ç¨‹å¸«ï¼Œéœ€å…·å‚™å®Œæ•´ç³»çµ±å»ºç½®ç¶“é©—èˆ‡å°ˆæ¡ˆæ¨å‹•èƒ½åŠ›----------------------------------------------------------------------
è‹¥æ‚¨å°æ­¤è·ä½æ„Ÿèˆˆè¶£ï¼Œè«‹ç«‹å³è¯ç¹«ï¼Œè®“æˆ‘ç‚ºæ‚¨ä»‹ç´¹æ›´å¤šè©³ç´°è³‡è¨Šï¼
â–¶ï¸ è¯ç¹«äººï¼šæ‹›å‹Ÿé¡§å• Owen Wuâ–¶ï¸ LINEï¼š https://line.me/ti/p/ICjS8Jx0Dqâ–¶ï¸ LinkedInï¼š https://www.linkedin.com/in/owen-wu-1023a41a4/",www.cake.me//companies/cake-recruitment-consulting/jobs/4d304b
35,æ©Ÿå™¨å­¸ç¿’å·¥ç¨‹å¸« ML machine learning Engineer,è³‡æ—…è»Ÿé«”é–‹ç™¼æœ‰é™å…¬å¸,1,Full-time,Entry level,Taiwan,50K ~ 65K TWD / month,3 years of experience required,No management responsibility,æˆ‘å€‘æ­£åœ¨å°‹æ‰¾å…·æœ‰è±å¯Œç¶“é©—çš„ MLå·¥ç¨‹å¸« / LLM å·¥ç¨‹å¸«ï¼Œå°ˆæ³¨æ–¼ä¼æ¥­æ‡‰ç”¨é ˜åŸŸçš„é–‹ç™¼èˆ‡å¯¦æ–½ã€‚è©²è·ä½å°‡è² è²¬è¨­è¨ˆå’Œå„ªåŒ–å¤§å‹èªè¨€æ¨¡å‹ï¼ˆLLMï¼‰ç›¸é—œæ‡‰ç”¨ï¼Œåˆ©ç”¨æœ€å…ˆé€²çš„äººå·¥æ™ºæ…§æŠ€è¡“ä¾†è§£æ±ºå¯¦éš›æ¥­å‹™éœ€æ±‚ï¼Œä¸¦ç¢ºä¿ç¬¦åˆè² è²¬ä»» AI çš„æ¨™æº–ã€‚å·¥ä½œå…§å®¹æ¶µè“‹å°ˆæ¡ˆï¼š- æ•¸æ“šå¹³å°æ¶æ§‹é–‹ç™¼- å€‹äººåŒ–å•†å“æ¨è–¦- åƒ¹æ ¼è¿½è¹¤æ¨è–¦- è³¼ç‰©è¡Œç‚ºåˆ†æ- æœƒå“¡èˆˆè¶£åˆ†æ- å•†å“é—œè¯æ€§åˆ†æå·¥ä½œè·è²¬ï¼š1. æ•¸æ“šå¹³å°é–‹ç™¼èˆ‡ç¶­è­·   - ä½¿ç”¨ Databricks å»ºç«‹å®Œæ•´æ•¸æ“šè™•ç†å¹³å°   - è¨­è¨ˆèˆ‡ç¶­è­· Delta Lake æ•¸æ“šæ¹–æ¶æ§‹   - å»ºç«‹é«˜æ•ˆèƒ½ pipeline jobs   - æ•´åˆå¤šæºæ•¸æ“š(è¨‚å–®ã€å•†å“ã€åƒ¹æ ¼ã€æœƒå“¡è³‡æ–™ç­‰)2. æ¨è–¦ç³»çµ±é–‹ç™¼èˆ‡å„ªåŒ–   - é–‹ç™¼å€‹äººåŒ–å•†å“æ¨è–¦å¼•æ“   - è¨­è¨ˆè³¼ç‰©è¡Œç‚ºåˆ†ææ¨¡å‹   - å»ºç«‹å•†å“é—œè¯æ€§åˆ†æç³»çµ±   - é–‹ç™¼åƒ¹æ ¼è¿½è¹¤èˆ‡å„ªæƒ æ¨è–¦æ©Ÿåˆ¶3. æ•¸æ“šåˆ†æèˆ‡æ‡‰ç”¨   - ä½¿ç”¨ PySpark é€²è¡Œå¤§è¦æ¨¡æ•¸æ“šè™•ç†   - MongoDB æ‡‰ç”¨é–‹ç™¼èˆ‡å„ªåŒ–   - å»ºç«‹è‡ªå‹•åŒ–æ•¸æ“šç®¡é“(Data Pipeline)   - é–‹ç™¼æ•¸æ“šç›£æ§èˆ‡è­¦å ±æ©Ÿåˆ¶4. API é–‹ç™¼èˆ‡ç³»çµ±æ•´åˆ   - RESTful API è¨­è¨ˆèˆ‡é–‹ç™¼   - å¾®æœå‹™æ¶æ§‹æ•´åˆ   - ç³»çµ±æ•ˆèƒ½å„ªåŒ–,www.cake.me//companies/webglsoft/jobs/515b55
36,é›¶å”®é¾é ­æ•¸ä½è½‰å‹-Data Engineer(é¡§å®¢æ•¸æ“šå¹³å°CDP)-TL,Cake Recruitment Consulting,1,Full-time,Mid-Senior level,"Neihu District, Taipei City, Taiwanãƒ»Xinyi District, Taipei City, Taiwan",1.2M ~ 2M TWD / year,5 years of experience required,Managing 5-10 staff,"ğŸ¢ å…¬å¸ä»‹ç´¹
æˆ‘å€‘çš„å®¢æˆ¶æ˜¯å°ç£æœ€å…·è¦æ¨¡èˆ‡å½±éŸ¿åŠ›çš„é›¶å”®é›†åœ˜é¾é ­ï¼Œç©æ¥µæ‹“å±•å¤šå…ƒåŒ–çš„é›»å•†å¹³å°ç”Ÿæ…‹ç³»ã€‚ä½œç‚ºå°ç£é›¶å”®æ¥­çš„æ¨™ç«¿ä¼æ¥­ï¼Œè©²å…¬å¸æŒçºŒå¼•é ˜ç”¢æ¥­å‰µæ–°ï¼Œè¿‘å¹´ç©æ¥µæ¨å‹•å…¨é¢æ•¸ä½è½‰å‹ï¼Œæ•´åˆç·šä¸Šç·šä¸‹ï¼ˆO2Oï¼‰è³‡æºï¼Œæ‰“é€ å°ç£æœ€å¤§è¦æ¨¡çš„å…¨é€šè·¯é›¶å”®å¹³å°ã€‚

ç‚ºä»€éº¼åŠ å…¥æˆ‘å€‘ï¼Ÿ

ç”¢æ¥­é ˜å°åœ°ä½ï¼šå°ç£é›¶å”®æ¥­é¾é ­ï¼Œæ“æœ‰ç©©å¥ç™¼å±•åŸºç¤èˆ‡é¾å¤§æ•¸æ“šè³‡ç”¢
æ•¸ä½è½‰å‹å…ˆé‹’ï¼šç›®å‰æ­£å…¨åŠ›æŠ•å…¥é›†åœ˜é›»å•†æ•´åˆèˆ‡æ•¸ä½åŒ–å‡ç´šï¼Œæ˜¯åƒèˆ‡é›¶å”®ç§‘æŠ€é©å‘½çš„çµ•ä½³æ™‚æ©Ÿ
çµ•ä½³è·æ¶¯ç™¼å±•ï¼šåœ¨æ•¸ä½ç¶“æ¿Ÿæ™‚ä»£ï¼Œæ‚¨çš„å°ˆæ¥­èƒ½åŠ›å°‡ç›´æ¥å°æ•¸ç™¾è¬æ¶ˆè²»è€…èˆ‡ä¼æ¥­ç‡Ÿæ”¶ç”¢ç”Ÿé¡¯è‘—å½±éŸ¿
ã€å·¥ä½œå…§å®¹ã€‘
ä½ å°‡æˆç‚ºä¼æ¥­æ•¸æ“šåŸºç¤æ¶æ§‹çš„æ ¸å¿ƒå·¥ç¨‹å¸«ï¼Œå”åŠ©æ‰“é€ èƒ½æ”¯æ’æ•¸ç™¾è¬ç­†ç”¨æˆ¶è¡Œç‚ºèˆ‡äº¤æ˜“è³‡æ–™çš„å³æ™‚æ•¸æ“šå¹³å°ï¼š


CDP æ•¸æ“šæ¶æ§‹è¨­è¨ˆï¼šè¦åŠƒè³‡æ–™æ¨¡å‹ã€æ•´åˆå¤šå…ƒä¾†æºï¼Œæå‡è¡ŒéŠ·ç§‘æŠ€è‡ªå‹•åŒ–èƒ½åŠ›


å³æ™‚èˆ‡æ‰¹æ¬¡è³‡æ–™è™•ç†ï¼šä½¿ç”¨ Kafkaã€Flink å»ºæ§‹æµè™•ç†ç³»çµ±ï¼›ä»¥ Airflow èª¿åº¦é«˜æ•ˆæ‰¹æ¬¡æµç¨‹


æ•¸æ“šæ¹–èˆ‡æŸ¥è©¢æ•ˆèƒ½ï¼šæ‡‰ç”¨ Delta Lakeã€Snowflake æå‡æŸ¥è©¢é€Ÿåº¦èˆ‡è³‡æ–™æ•´åˆæ•ˆç‡


è³‡æ–™å“è³ªèˆ‡ç›£æ§ï¼šå°å…¥ data observabilityï¼Œç¢ºä¿è³‡æ–™ä¸€è‡´æ€§èˆ‡å¯è¿½è¹¤æ€§


è·¨éƒ¨é–€åˆä½œèˆ‡æŠ€è¡“é ˜å°ï¼šèˆ‡è¡ŒéŠ·ã€ç”¢å“ã€è³‡æ–™ç§‘å­¸åœ˜éšŠå¯†åˆ‡åˆä½œï¼Œæ”¯æ´ MLOps èˆ‡æ¨¡å‹éƒ¨ç½²


è³‡æ–™åˆè¦èˆ‡æ²»ç†ï¼šè¨­è¨ˆç¬¦åˆ GDPRã€CCPA çš„è³‡æ–™ç®¡ç†æ©Ÿåˆ¶ï¼Œè½å¯¦ä¼æ¥­è³‡æ–™å®‰å…¨ç­–ç•¥


ã€ä½¿ç”¨æŠ€è¡“ã€‘


ç¨‹å¼èªè¨€ï¼šPython / Java / Scala


å³æ™‚è™•ç†ï¼šApache Kafkaã€Apache Flink


æ‰¹æ¬¡è™•ç†èˆ‡æ’ç¨‹ï¼šApache Airflow


æ•¸æ“šå¹³å°ï¼šSnowflakeã€Delta Lakeã€BigQuery


é›²ç«¯å¹³å°ï¼šAWS / GCP / Azure


å…¶ä»–ï¼šDatabricksã€Kubernetesã€Dockerã€CI/CDã€MLOps",www.cake.me//companies/cake-recruitment-consulting/jobs/36d6a7
